Label,Boarding time,Boarding station,Alighting station,Arrival time
3591,1046,34,35,1045
2334,975,27,29,982
1288,1105,20,26,1099
2323,1189,6,21,1191
1896,446,11,19,443
1455,1105,24,28,1099
754,589,6,14,586
3941,1186,5,9,1198
4206,1213,19,22,1214
3875,1011,7,14,1017
908,480,12,18,482
2693,543,3,5,549
3051,890,18,27,895
3832,548,0,6,553
491,636,22,26,632
102,443,16,20,435
2059,494,10,19,486
3275,553,33,35,551
3381,971,1,12,971
3232,649,3,7,657
681,431,2,5,422
543,651,19,27,647
1324,965,23,35,965
3167,1150,19,30,1151
3046,696,0,29,699
1234,1150,19,30,1143
2131,839,22,26,833
4170,392,2,13,403
1772,989,29,34,981
3377,1093,1,4,1091
4193,801,14,18,809
2327,1159,9,13,1161
2611,1093,20,35,1087
1142,536,16,32,528
4188,461,29,35,464
763,803,9,18,797
3963,1103,25,33,1108
4205,1113,24,27,1124
3617,1064,0,8,1062
118,1357,21,34,1350
828,1034,22,33,1022
2524,910,3,23,907
3427,1272,9,18,1273
421,1243,3,9,1231
3829,929,35,35,927
3957,483,23,31,493
1112,1181,11,22,1173
677,1065,31,35,1066
2796,932,17,26,938
1539,978,33,35,980
1210,518,19,20,515
482,1090,21,29,1081
2468,975,9,12,983
2615,849,19,35,849
3399,450,29,33,462
3884,1125,3,9,1137
213,1153,31,32,1140
1396,1005,0,11,1008
4218,480,22,33,494
508,693,10,14,691
2637,500,16,24,503
268,1254,27,30,1245
1700,592,8,21,592
659,623,3,24,617
2496,1111,29,33,1118
3085,760,3,9,757
409,579,27,28,570
2824,909,2,5,908
1810,717,1,6,711
3022,776,5,24,776
4298,1133,6,18,1139
459,723,0,19,722
584,1058,25,31,1051
816,570,18,22,572
956,1059,6,18,1052
3289,501,19,24,506
1930,1110,27,31,1115
2200,1039,2,21,1041
4197,969,29,33,974
4292,844,24,25,853
3343,498,0,23,506
2416,533,19,32,533
2116,447,26,32,444
4227,432,3,9,434
2260,478,28,35,472
3094,1155,7,22,1164
3400,570,30,35,583
406,542,1,2,541
3517,1075,0,1,1076
737,539,22,26,527
1530,1072,4,22,1069
930,564,3,19,557
1816,553,29,33,545
3366,1097,28,32,1106
1836,441,2,5,442
1884,1275,0,11,1279
1716,1152,12,25,1147
1067,803,27,30,799
1704,1165,5,9,1160
4164,1150,19,30,1154
787,909,2,6,902
3289,501,19,24,506
954,685,25,28,679
50,1047,0,3,1035
3264,582,29,33,582
3627,1144,10,24,1152
2525,493,16,35,488
3337,631,25,29,642
2804,489,11,22,489
2161,473,15,24,472
1555,613,3,6,604
2770,1148,25,35,1150
1053,1059,31,34,1053
4084,446,4,28,449
2172,1143,5,21,1148
2378,1023,3,7,1027
447,1097,7,11,1096
1320,898,3,6,888
3507,1199,0,9,1197
3460,501,22,27,506
2246,536,21,27,532
1369,1053,10,16,1053
536,941,7,16,931
1722,821,22,26,814
2440,449,14,34,445
2428,1255,10,18,1252
838,596,11,27,586
1954,1105,27,35,1101
512,521,28,34,512
730,500,16,31,497
834,443,3,11,439
4242,461,1,5,464
1601,487,0,5,485
2781,1158,18,20,1163
3194,929,20,31,925
2379,1006,32,35,1012
2608,499,21,28,503
2324,782,3,9,786
3815,1120,0,3,1122
1908,989,29,31,981
2319,413,3,19,413
1091,652,5,19,649
2330,1334,9,16,1328
1015,443,18,21,439
563,729,3,4,723
1065,1152,9,21,1143
826,816,6,20,811
714,1094,18,27,1083
4077,462,2,6,463
202,1014,9,16,1005
1274,803,9,21,800
743,602,21,28,602
1505,468,0,18,470
3646,1145,15,21,1152
456,727,1,28,722
3848,975,9,14,988
2903,1194,27,35,1195
362,569,23,29,556
2946,1282,3,21,1284
135,1201,12,16,1200
1114,1196,29,31,1188
1053,1059,31,34,1053
2854,518,11,30,520
2991,1047,0,4,1043
1434,1018,14,20,1008
376,542,23,24,541
4210,1080,32,33,1094
540,441,19,28,437
2786,771,9,16,774
1774,1269,19,21,1267
2389,1165,13,24,1162
1411,517,19,25,516
207,631,11,13,630
138,1201,12,16,1201
2601,556,22,33,563
3368,1071,9,16,1075
1564,929,0,2,919
304,443,3,5,436
1754,1179,0,5,1176
1380,589,1,5,590
1247,436,12,19,440
653,1186,5,8,1187
1756,992,9,16,995
2614,470,31,34,474
1392,749,27,28,740
1024,478,29,35,468
2919,675,7,14,683
3224,1275,0,1,1285
1870,566,25,33,559
571,1058,6,10,1051
2948,464,3,5,460
3341,423,22,28,430
2806,485,4,22,490
1937,1098,7,11,1101
1169,717,13,16,708
2521,974,9,25,969
3564,826,0,5,837
3087,1067,1,13,1074
3053,533,19,22,535
2123,1314,9,12,1311
818,796,12,18,798
4330,1144,25,35,1154
894,480,6,19,482
2978,1158,31,33,1164
777,540,29,34,542
3235,453,25,35,461
919,432,3,14,423
1837,716,1,19,712
4231,928,8,20,929
1871,481,2,5,486
85,550,23,26,540
3976,1251,7,19,1257
2362,1113,3,5,1117
2273,461,14,21,458
1053,1059,31,34,1053
2584,1005,9,12,1012
3735,421,20,28,431
446,573,25,30,571
3086,728,1,13,730
3618,696,0,6,700
35,562,20,25,555
2613,1085,18,26,1088
1248,652,5,24,650
58,1031,8,25,1020
92,1118,6,25,1110
3942,915,13,25,928
3654,1105,9,18,1107
1221,1204,14,21,1205
9,682,24,28,675
295,543,3,6,541
3133,1104,9,13,1106
48,464,16,35,450
101,438,29,33,435
805,499,29,33,497
3160,958,0,8,955
1896,446,11,19,443
1371,1298,35,35,1294
4153,611,20,26,613
1156,996,20,29,992
1190,481,1,4,484
767,642,20,22,634
3810,987,18,20,988
1457,1212,9,26,1206
1120,656,9,13,649
389,1294,27,35,1291
3582,511,19,31,522
2978,1158,31,33,1164
26,528,1,8,525
1449,1018,8,12,1008
2578,1201,24,30,1210
2915,1189,6,17,1195
1462,543,3,9,545
3350,1189,6,25,1197
2119,971,1,2,968
259,805,19,35,795
2474,499,7,9,502
3906,1035,0,18,1047
1091,652,5,19,649
3731,946,3,23,957
3705,1134,6,9,1136
2848,1152,12,18,1150
2075,462,7,19,457
861,401,9,17,392
40,1085,16,21,1080
1892,1098,23,26,1101
2689,631,11,14,641
1003,994,14,16,992
4077,462,2,6,463
615,1148,3,19,1141
4263,473,3,19,479
2203,636,22,26,639
214,1101,6,19,1096
2359,511,30,35,518
3697,1003,14,25,1002
1033,507,14,15,497
4242,461,1,5,464
601,514,31,35,512
584,1058,25,31,1051
1581,1063,9,19,1054
3757,1029,11,16,1032
1081,839,9,16,828
155,488,19,20,480
4250,438,28,32,449
2536,1191,7,28,1193
65,1100,19,25,1095
3358,875,17,23,877
3910,1046,0,26,1047
1334,481,31,35,485
1375,447,12,17,441
3581,942,34,35,942
1058,1049,8,19,1037
4049,1148,25,35,1154
1224,992,9,18,993
564,577,26,27,571
569,659,9,16,648
898,740,11,14,738
1544,1075,0,6,1069
3214,975,9,16,985
3692,1054,10,21,1062
1846,609,8,12,605
800,537,9,10,527
2653,885,19,24,894
4095,712,22,28,718
1873,510,6,7,517
2881,743,12,14,745
3879,790,0,9,792
1224,992,9,18,993
1459,1222,3,7,1220
2985,522,21,32,521
1405,400,8,21,394
3005,897,1,2,895
3154,990,33,35,1000
1299,1305,5,13,1308
725,518,19,20,513
1345,1090,20,33,1084
2538,572,7,14,579
838,596,11,27,586
3000,976,20,23,984
2841,587,19,20,596
764,803,9,18,797
3818,1113,17,23,1122
621,942,14,18,932
1016,409,7,19,407
1874,530,6,28,530
3727,499,0,9,507
53,1093,16,19,1080
1253,459,6,8,454
3457,533,19,20,537
2891,463,3,12,460
4000,994,33,35,1003
48,464,16,35,450
3934,1113,22,26,1123
2070,438,23,35,443
2730,1123,1,6,1119
3078,1111,2,6,1120
3002,530,27,29,535
2619,461,21,27,459
1545,469,0,4,470
1610,1272,9,21,1265
4164,1150,19,30,1154
3426,568,6,11,566
295,543,3,6,541
1295,587,18,20,589
4068,1014,27,35,1019
3186,565,18,22,565
1971,583,28,32,577
1092,481,12,25,483
624,1110,27,28,1111
2752,483,3,9,489
3536,826,0,9,836
30,1143,5,16,1140
3484,1108,14,17,1107
3064,524,25,28,521
963,1143,7,12,1142
2740,756,25,32,755
3915,520,0,5,523
298,1133,6,20,1125
3294,1017,30,32,1014
3069,507,5,14,505
156,484,7,8,480
2594,981,2,15,983
3331,498,0,14,506
3547,613,3,9,611
3144,1191,22,27,1196
369,531,7,23,526
1385,1151,12,25,1144
1470,609,0,5,603
3484,1108,14,17,1107
2781,1158,18,20,1163
1427,990,33,35,994
1842,897,1,2,891
1395,1329,6,9,1325
1631,1002,7,9,995
2232,1123,9,16,1117
3741,968,0,3,972
3556,1060,3,23,1061
1401,410,16,18,408
2572,484,7,19,489
2760,502,19,26,503
2952,1053,3,6,1059
1758,1277,23,26,1279
488,518,19,22,512
3165,645,0,6,656
2584,1005,9,12,1012
1318,1133,11,21,1129
2629,1064,15,21,1058
3007,458,12,24,460
1017,657,8,15,648
4284,1061,12,18,1064
3544,1242,2,9,1242
269,997,4,7,990
1517,1204,4,24,1206
3898,1028,14,16,1033
68,477,21,24,465
1322,925,23,25,918
3477,816,25,28,823
210,438,29,35,436
1658,664,13,22,666
2694,518,19,21,519
3145,489,25,27,491
1516,888,3,6,890
1388,923,11,20,918
2146,1079,11,21,1073
3898,1028,14,16,1033
3566,1179,34,35,1181
740,1123,9,19,1112
4316,662,0,4,674
4353,951,12,24,959
209,659,10,35,645
3048,1172,15,23,1179
1739,1161,11,24,1160
2094,473,8,15,472
653,1186,5,8,1187
3117,1082,10,16,1090
4320,1047,31,35,1049
2815,435,4,7,446
1726,459,0,5,456
411,1170,7,19,1170
239,1101,31,34,1096
733,531,13,15,527
3554,1005,0,9,1016
2947,449,13,22,446
3392,900,4,16,910
2610,594,27,32,595
2017,743,25,35,742
307,443,10,27,436
62,478,15,24,465
1805,474,19,25,471
2626,1233,9,16,1238
2604,1187,23,24,1194
3393,698,22,27,699
962,1014,29,31,1007
876,470,18,35,468
2000,968,16,19,968
1478,1167,11,19,1159
3473,558,19,20,567
633,512,2,12,512
1217,432,3,5,423
932,985,5,30,978
1385,1151,12,25,1144
811,780,8,15,780
433,875,20,26,870
2884,875,16,27,876
1730,384,0,12,380
1822,1257,11,16,1249
4344,986,25,27,989
1049,1245,4,12,1248
2650,1004,8,14,998
305,505,26,32,495
3241,616,26,35,626
1696,523,3,13,517
1295,587,18,20,589
1230,494,13,17,484
1163,786,31,35,782
2773,929,17,23,923
2957,1330,16,21,1331
3044,549,19,27,550
2223,459,6,8,458
3874,1152,9,25,1153
3155,1138,9,16,1134
4046,594,16,19,598
3104,1047,7,20,1043
4320,1047,31,35,1049
3617,1064,0,8,1062
3385,631,0,11,643
2478,947,29,31,951
4160,500,16,25,509
2072,1114,17,21,1116
2126,1190,24,32,1189
3505,1137,3,9,1135
2771,543,3,5,549
341,460,13,20,450
2041,1093,22,35,1085
4257,1130,32,35,1139
4209,473,26,32,478
3335,558,19,26,565
3295,587,5,19,597
2943,1299,24,28,1298
330,1142,19,23,1141
3086,728,1,13,730
974,506,17,21,497
1532,396,5,22,395
4298,1133,6,18,1139
319,626,25,35,615
481,640,31,34,632
2949,1021,1,35,1029
207,631,11,13,630
4201,482,29,33,494
1645,984,33,34,980
4176,1093,27,35,1094
665,634,20,23,633
4287,498,0,4,509
1439,631,0,5,637
2115,451,24,35,457
3651,1046,0,2,1046
1614,992,3,9,995
2359,511,30,35,518
92,1118,6,25,1110
3059,497,6,26,505
2163,1081,14,19,1086
685,1042,4,8,1036
919,432,3,14,423
1778,663,21,27,667
1570,1060,3,9,1054
1375,447,12,17,441
2665,513,3,4,519
4004,1103,25,28,1108
1523,988,0,6,980
1222,431,8,22,423
943,827,14,26,828
1779,1055,19,27,1055
3849,1162,3,8,1167
4173,563,9,17,569
473,943,8,18,931
3621,1074,0,7,1077
2710,1334,9,14,1330
3545,1183,3,9,1180
3934,1113,22,26,1123
38,1081,22,27,1080
1709,1107,0,6,1100
1599,883,0,5,873
4279,729,9,18,734
3785,883,0,15,880
3264,582,29,33,582
1668,873,19,21,874
1359,1318,12,16,1308
3845,461,1,9,462
3008,1334,9,20,1331
2235,529,1,15,531
2263,1014,25,28,1011
3417,1294,9,10,1301
2915,1189,6,17,1195
2222,649,23,28,654
1410,1112,25,27,1114
3499,1046,0,9,1044
3513,892,0,2,897
4,516,32,35,510
1887,829,18,24,832
2858,951,12,28,953
3745,1133,11,19,1136
4197,969,29,33,974
633,512,2,12,512
1412,1120,0,6,1114
1949,482,28,31,486
1161,513,24,31,515
2299,607,27,30,607
2787,539,8,25,534
4268,1125,3,21,1139
1628,729,3,5,727
346,978,14,18,976
1914,1240,14,24,1236
2657,1269,7,16,1270
1405,400,8,21,394
369,531,7,23,526
3896,520,0,9,523
2944,1299,24,28,1298
938,1138,27,35,1128
1788,593,5,16,592
3429,606,5,9,610
2426,475,9,14,473
4240,1105,21,27,1109
2640,1204,4,7,1211
1660,1026,12,13,1025
1926,1078,31,33,1071
1099,700,3,9,692
1151,480,18,35,484
2584,1005,9,12,1012
22,485,4,8,480
3950,1228,6,18,1227
493,924,16,19,915
3525,883,0,6,878
2347,538,0,3,532
835,1139,14,22,1127
3879,790,0,9,792
2706,1347,22,34,1344
1711,1074,0,6,1070
2263,1014,25,28,1011
626,507,14,15,496
3399,450,29,33,462
2636,828,1,19,834
1964,1053,3,5,1056
2206,1137,3,5,1131
1914,1240,14,24,1236
3765,1090,0,6,1093
704,939,6,9,932
1063,491,22,26,483
3872,1137,13,18,1137
3509,1053,3,4,1060
2502,509,29,35,502
3139,466,23,28,476
1707,403,3,19,396
1028,1120,7,22,1112
3786,942,15,18,943
167,618,31,35,615
1458,1135,12,14,1129
2258,1097,28,32,1102
2989,502,9,20,504
1087,811,3,12,813
3289,501,19,24,506
2173,1132,0,6,1131
3114,1025,12,14,1030
157,972,5,9,960
353,652,5,9,645
1209,672,6,12,665
609,796,16,27,797
653,1186,5,8,1187
4237,1161,22,34,1169
2499,470,31,35,474
1630,645,0,1,651
2865,913,12,21,908
1905,1334,9,25,1326
2053,1054,10,18,1056
2672,518,19,22,519
1330,467,5,19,469
4243,509,0,2,509
435,1259,1,22,1246
136,1201,12,16,1200
4297,488,6,22,494
45,609,31,35,600
3171,421,21,26,429
1646,958,0,9,949
2593,549,19,21,548
571,1058,6,10,1051
2760,502,19,26,503
2754,1186,32,33,1194
2365,577,12,16,578
877,1252,28,35,1247
1130,1209,7,13,1204
354,652,5,9,646
1361,511,6,9,516
3272,512,19,35,521
2860,536,6,14,534
945,886,2,5,888
2111,1120,0,22,1116
2984,537,15,19,535
3533,1120,0,2,1121
1644,1064,0,3,1054
1158,579,27,32,574
2261,1014,25,28,1011
2631,604,3,21,608
3535,910,3,13,912
3674,958,0,3,957
3169,982,23,29,985
3783,1120,0,3,1122
474,628,24,28,616
242,1093,21,33,1081
916,524,3,27,514
1934,910,3,4,905
1363,892,8,12,889
1064,1152,9,21,1143
458,996,5,21,990
1308,804,23,28,801
3656,1048,0,2,1046
2548,501,25,28,502
3157,501,8,14,505
3645,1105,12,19,1107
1566,509,0,4,499
2255,494,23,33,487
1624,616,5,21,620
2530,1136,8,24,1132
3170,449,27,31,447
2591,481,2,24,489
3247,1093,9,26,1090
469,1168,31,34,1155
2706,1347,22,34,1344
2197,490,1,6,487
891,1003,23,28,991
2601,556,22,33,563
1557,1007,0,7,1009
1601,487,0,5,485
3918,684,3,9,687
513,727,8,16,723
1039,450,29,33,453
3549,680,0,11,686
3906,1035,0,18,1047
2150,417,5,20,412
3765,1090,0,6,1093
1917,1130,32,33,1131
2643,1064,0,26,1058
866,1063,14,19,1052
891,1003,23,28,991
1499,508,0,6,499
436,571,1,5,571
1884,1275,0,11,1279
3557,1060,3,23,1061
3193,1293,21,26,1300
3051,890,18,27,895
210,438,29,35,436
1683,463,3,14,455
3445,1023,3,5,1031
373,1038,10,18,1036
2909,585,4,11,596
1761,447,14,21,442
3092,969,6,21,970
330,1142,19,23,1141
2853,817,19,35,821
107,839,22,28,825
4211,1135,12,18,1139
2122,1314,9,12,1311
2284,636,22,26,640
4316,662,0,4,674
2881,743,12,14,745
3062,778,31,35,777
493,924,16,19,915
4232,500,16,21,509
1336,573,3,5,575
1880,565,16,19,559
3639,883,0,20,879
3222,478,21,22,477
2975,470,6,14,476
399,610,6,8,601
3982,828,1,9,838
1941,531,24,26,530
871,921,27,35,916
3547,613,3,9,611
1991,505,4,6,500
649,509,25,31,496
1469,538,0,19,529
1892,1098,23,26,1101
1424,649,3,33,651
1143,535,26,34,528
1352,599,19,26,590
3443,877,21,28,877
1189,839,9,15,828
4089,921,22,29,929
3648,400,8,23,402
864,946,13,17,947
3254,608,13,16,609
3206,525,16,22,536
2427,1118,23,26,1118
1622,913,0,9,904
1081,839,9,16,828
3146,470,12,23,476
2095,1002,7,22,997
2160,1257,0,31,1250
2840,469,25,31,475
4269,1123,15,22,1124
4232,500,16,21,509
1273,1130,5,8,1129
137,1201,12,16,1200
3261,493,16,20,492
3295,587,5,19,597
1321,924,23,25,917
1959,722,4,5,729
3143,1138,9,21,1133
3269,1071,9,25,1075
2041,1093,22,35,1085
207,631,11,13,630
4258,1233,9,12,1244
3839,1041,3,4,1047
1919,621,13,18,622
2914,511,23,32,520
3701,1069,3,4,1078
4109,1093,1,3,1094
2266,491,12,18,487
4111,1060,28,32,1064
3587,1046,34,35,1045
741,1179,21,35,1172
1374,655,20,26,650
1312,489,25,31,484
1169,717,13,16,708
4220,443,3,5,449
1096,459,28,34,453
1864,1200,25,33,1207
463,1265,5,13,1260
2704,474,19,21,474
2592,1282,3,5,1281
182,606,5,20,600
292,565,19,21,555
11,1103,12,20,1095
3713,768,0,6,778
3877,498,0,3,508
3137,470,16,23,476
2745,1033,17,35,1028
3001,489,11,13,490
970,463,3,9,453
3667,1296,0,3,1302
1451,1053,3,5,1054
1975,727,1,6,729
1988,1018,22,26,1011
1461,766,32,33,769
4223,811,18,28,824
1357,551,18,21,544
1746,447,0,5,442
1784,713,25,35,711
1502,1152,12,21,1145
160,1093,9,18,1080
3145,489,25,27,491
1913,621,14,18,622
1017,657,8,15,648
966,1168,31,35,1157
479,854,19,21,840
3396,534,5,28,537
2861,1282,3,5,1282
1602,1035,0,8,1039
1810,717,1,6,711
2170,401,1,18,397
1428,1147,1,2,1144
2751,1080,3,9,1088
762,425,23,33,422
1964,1053,3,5,1056
1035,1123,27,34,1112
39,471,2,6,465
3302,515,25,30,522
1491,442,3,9,441
2157,684,3,9,681
62,478,15,24,465
1338,1334,9,18,1323
979,901,5,19,903
1089,517,16,21,514
3109,512,2,5,521
4307,599,0,9,599
385,503,10,16,496
2073,453,25,35,457
2094,473,8,15,472
454,962,2,6,961
3622,1064,0,9,1062
3297,623,27,32,627
805,499,29,33,497
2190,1236,23,32,1237
1604,1069,3,6,1070
1142,536,16,32,528
1461,766,32,33,769
2630,1064,15,21,1058
3659,1132,0,9,1135
2335,713,0,5,714
1406,1028,6,14,1024
247,663,24,35,660
368,860,22,26,855
2282,1126,18,24,1131
1950,620,13,18,623
3881,1015,12,16,1017
3992,471,7,22,477
2227,527,23,25,531
3475,525,16,29,537
3453,393,3,22,401
1706,1174,9,20,1176
3733,509,0,6,508
2716,817,19,30,819
2720,471,7,24,474
2606,559,12,25,563
4050,841,26,32,853
2120,470,12,25,472
1872,571,1,5,577
3674,958,0,3,957
2357,1261,3,5,1269
2926,1107,0,9,1105
3299,618,31,35,627
872,1138,14,19,1127
4275,1163,18,20,1169
1993,1049,18,21,1040
4312,607,27,33,614
2615,849,19,35,849
2352,531,13,24,532
1652,963,3,9,967
689,598,8,20,585
1513,532,4,9,529
41,1187,23,26,1185
3122,500,16,25,505
1697,532,4,13,529
2382,1135,24,25,1132
2179,813,5,25,817
1111,860,22,26,858
1433,854,30,33,845
3813,498,0,23,508
643,626,11,13,617
2782,800,20,29,804
3363,489,25,26,492
1081,839,9,16,828
2780,1223,23,31,1224
203,1014,9,16,1005
1497,452,3,6,455
4053,1288,7,11,1288
140,778,14,18,765
3228,978,0,6,985
2263,1014,25,28,1011
1443,978,33,35,980
138,1201,12,16,1201
2661,1334,9,22,1329
330,1142,19,23,1141
1982,1074,0,5,1071
2649,754,12,20,754
378,682,12,21,676
3144,1191,22,27,1196
3663,518,0,5,523
2106,541,1,4,547
4265,495,19,31,509
312,612,5,9,600
221,1146,6,9,1141
3097,1022,3,5,1030
3144,1191,22,27,1196
48,464,16,35,450
1757,416,12,19,411
168,1009,6,14,1005
1417,1053,3,12,1053
770,917,30,34,916
2306,470,12,23,473
1114,1196,29,31,1188
2235,529,1,15,531
3527,1075,0,8,1076
2450,1265,32,35,1269
1411,517,19,25,516
1622,913,0,9,904
1025,611,1,5,603
2580,539,22,27,533
3541,1074,0,21,1076
806,957,29,33,947
1024,478,29,35,468
693,1147,2,8,1142
2179,813,5,25,817
2497,1111,29,35,1119
4304,518,19,21,524
695,474,19,22,467
121,1300,12,35,1291
2979,1158,31,33,1164
1602,1035,0,8,1039
1961,580,29,33,577
66,538,29,31,525
800,537,9,10,527
164,1021,1,27,1020
3781,749,3,19,748
3032,490,1,7,490
1766,583,28,32,575
3895,844,0,9,852
892,524,25,31,513
3433,733,12,16,731
2234,799,31,35,803
3344,498,0,23,506
3407,432,3,6,430
2322,545,22,26,547
3890,489,11,19,493
1642,396,5,22,396
368,860,22,26,855
2010,890,16,17,892
1007,951,12,25,948
1628,729,3,5,727
4207,1138,27,32,1139
4143,1315,20,22,1319
3571,1049,0,3,1045
2375,1134,24,33,1132
876,470,18,35,468
1187,668,16,25,665
3799,968,0,3,973
2244,1155,30,35,1161
1895,611,15,17,605
192,540,29,33,540
3355,575,21,27,583
3314,1123,9,16,1120
1856,1014,5,8,1010
2923,1012,12,13,1013
658,643,25,28,633
4119,623,9,12,629
3400,570,30,35,583
270,931,16,32,930
1959,722,4,5,729
470,1146,6,9,1141
3152,527,23,28,536
3097,1022,3,5,1030
3491,1059,30,31,1060
2785,412,15,16,416
2993,1044,25,32,1043
361,524,3,4,511
1863,540,8,22,546
3200,1004,8,31,1000
3809,1183,12,14,1182
124,1037,19,26,1035
1673,468,0,2,471
942,453,17,18,453
1000,1272,9,16,1262
1039,450,29,33,453
750,886,25,28,887
4157,1228,6,21,1228
2581,517,22,26,519
2274,628,6,24,624
39,471,2,6,465
505,1113,3,4,1111
2396,1120,0,2,1118
1073,1037,19,26,1038
1744,1119,0,4,1115
2961,910,29,33,909
1633,509,0,4,500
4003,494,23,33,493
1923,644,18,23,639
2355,995,20,26,998
1313,1294,27,35,1293
4311,604,14,18,614
703,1152,12,23,1142
3006,538,12,21,535
1680,502,10,24,500
2454,513,26,35,518
307,443,10,27,436
2211,445,21,35,444
267,636,22,35,631
2319,413,3,19,413
594,401,9,16,391
2896,543,3,5,550
1343,517,28,32,516
1776,672,6,14,666
2367,852,29,35,847
3444,541,1,7,552
3049,530,31,34,535
3979,1166,5,13,1168
3552,603,3,4,611
3166,1098,5,9,1106
1945,992,28,29,997
3438,1298,25,35,1301
1957,897,1,2,891
1445,1173,13,23,1173
3772,1048,0,3,1047
3446,873,30,35,878
2623,1013,11,23,1013
2254,462,13,16,458
2556,504,23,32,502
928,826,13,20,827
2390,922,5,19,922
3293,673,31,34,671
2805,500,28,35,504
2638,604,3,5,608
2025,1060,7,16,1056
1942,651,19,21,652
796,894,6,8,887
1280,481,31,35,484
1714,892,0,19,891
2894,892,0,3,895
1588,1153,13,21,1145
3457,533,19,20,537
3561,1120,0,4,1121
908,480,12,18,482
542,1135,12,16,1126
2554,482,19,27,489
1003,994,14,16,992
1817,432,3,28,425
4093,1057,5,23,1064
685,1042,4,8,1036
1113,1134,25,29,1128
1371,1298,35,35,1294
1084,1189,6,9,1188
2132,782,27,34,785
503,1089,13,16,1082
2590,417,18,22,414
1775,519,12,21,517
1186,723,17,19,726
3552,603,3,4,611
1936,620,13,21,623
658,643,25,28,633
1573,1131,12,18,1130
1689,1018,8,16,1010
3137,470,16,23,476
3529,1120,0,4,1121
3729,1088,12,20,1092
947,511,19,28,514
625,565,19,22,556
1912,473,3,8,471
2991,1047,0,4,1043
3323,824,23,26,822
3347,1138,27,32,1134
3491,1059,30,31,1060
2047,490,2,19,486
1848,451,30,35,456
2521,974,9,25,969
4033,1012,4,22,1018
3145,489,25,27,491
3025,450,7,30,460
1548,1002,19,25,995
1043,550,23,26,543
1508,1152,9,25,1145
1557,1007,0,7,1009
2945,1142,0,9,1151
1357,551,18,21,544
3384,983,27,35,986
363,1072,5,9,1066
2274,628,6,24,624
204,1201,12,24,1202
4074,966,21,35,974
731,579,31,33,572
4113,1168,31,34,1168
1392,749,27,28,740
358,465,10,25,466
414,510,28,32,511
2866,439,23,24,446
1263,1288,18,35,1276
764,803,9,18,797
2998,1146,6,25,1151
1781,662,20,22,667
3107,626,25,30,626
2814,629,16,27,625
2891,463,3,12,460
510,851,4,16,841
1767,1113,12,16,1115
2285,636,22,26,640
2627,1103,8,9,1104
1986,556,18,23,560
2965,516,32,35,520
3581,942,34,35,942
3700,441,8,22,448
3113,682,12,14,683
752,1090,7,25,1083
2798,1093,14,15,1088
1924,951,12,25,950
3951,703,5,9,701
1892,1098,23,26,1101
934,659,10,26,648
143,1206,6,24,1201
2533,421,3,5,427
2439,687,26,32,682
3185,420,21,27,429
646,744,31,35,738
415,649,23,25,646
2800,573,3,5,580
4350,434,20,27,434
351,449,14,15,437
705,1153,13,24,1142
922,1107,13,19,1098
421,1243,3,9,1231
2347,538,0,3,532
1004,517,10,22,514
1994,605,33,34,606
2906,1191,22,26,1195
1984,535,18,29,530
460,820,21,27,811
2851,537,21,26,534
2014,719,3,7,713
3497,517,22,28,522
1267,1339,12,25,1339
1655,1113,17,27,1115
3893,1093,9,26,1093
1214,1105,12,21,1099
2219,1039,2,6,1041
886,533,28,32,528
1826,790,17,30,785
2045,1177,19,26,1177
344,521,29,33,510
2066,514,8,13,518
3073,851,17,21,850
2684,1182,25,26,1179
4250,438,28,32,449
3322,608,19,26,610
585,624,18,23,616
3342,1053,3,6,1059
528,524,25,30,512
3450,762,19,25,759
1240,463,23,33,454
2270,393,3,9,398
1056,1014,27,35,1007
1618,1146,31,34,1146
3784,754,0,9,762
2936,1107,13,32,1105
1725,498,0,23,500
2627,1103,8,9,1104
3875,1011,7,14,1017
796,894,6,8,887
3225,441,2,6,447
4061,1008,13,15,1018
352,930,26,30,930
3962,1198,0,8,1199
3717,1114,15,22,1122
3605,539,34,35,538
3127,558,19,26,565
4199,1114,15,19,1124
2938,400,8,24,400
2102,1072,5,8,1072
2655,993,19,31,999
3189,933,3,33,939
741,1179,21,35,1172
2264,897,30,32,893
2385,455,4,22,458
3023,1247,5,24,1254
3824,1046,0,9,1047
905,1069,3,21,1067
3344,498,0,23,506
2629,1064,15,21,1058
3924,1131,12,18,1138
3256,483,3,6,491
1181,1123,9,19,1113
2715,517,19,27,519
1816,553,29,33,545
1431,1053,3,31,1053
3268,1079,25,27,1075
1410,1112,25,27,1114
455,1029,25,30,1021
883,469,25,27,468
4335,1108,14,21,1109
1239,497,28,35,498
2724,1032,21,26,1028
1856,1014,5,8,1010
70,1133,11,16,1125
2678,456,26,32,459
4064,511,6,9,524
2012,1111,18,21,1115
2931,735,23,26,746
3124,1138,9,16,1133
3281,517,16,25,521
1299,1305,5,13,1308
2219,1039,2,6,1041
1399,471,2,9,469
1191,507,12,18,498
1775,519,12,21,517
1391,622,8,20,620
2804,489,11,22,489
284,737,30,35,735
3626,1245,15,21,1256
3280,1154,14,23,1151
2742,1183,18,22,1179
2583,1033,9,14,1027
2396,1120,0,2,1118
38,1081,22,27,1080
849,578,18,23,572
4014,430,13,21,433
1577,1134,12,14,1130
3114,1025,12,14,1030
971,516,28,31,514
549,511,19,32,512
1948,494,4,14,486
3593,622,2,9,628
2326,1133,6,8,1132
166,478,5,26,465
1633,509,0,4,500
3077,916,23,35,924
2300,1046,6,8,1041
1810,717,1,6,711
301,559,12,14,555
3230,583,3,10,582
3140,849,26,32,850
2088,439,23,35,443
3952,1159,9,12,1168
2828,1061,8,16,1059
3570,1064,0,9,1061
1582,499,0,3,500
3550,1113,3,9,1121
1909,623,3,7,622
239,1101,31,34,1096
4124,501,25,35,508
1880,565,16,19,559
1429,1147,2,24,1144
2942,1001,16,29,999
218,470,12,25,466
2744,1143,5,25,1150
2349,1010,18,23,1011
2454,513,26,35,518
2215,431,14,31,426
4267,1038,10,21,1049
3340,1038,10,13,1044
2145,771,1,5,772
1728,1133,6,21,1131
1162,652,25,32,649
2014,719,3,7,713
465,1290,7,21,1292
3158,752,5,8,757
556,1175,23,27,1171
561,1083,14,19,1082
1440,979,0,4,979
3948,451,28,30,462
1264,537,15,19,528
764,803,9,18,797
3863,1018,8,11,1017
1039,450,29,33,453
957,747,1,6,739
3446,873,30,35,878
1884,1275,0,11,1279
1757,416,12,19,411
3934,1113,22,26,1123
4352,452,3,16,464
1690,958,0,6,949
3120,854,16,35,850
2329,917,30,35,921
1832,1186,5,25,1189
906,546,22,35,542
2285,636,22,26,640
172,1076,20,28,1065
2833,523,22,28,520
781,511,23,35,513
594,401,9,16,391
1344,917,20,22,918
734,1138,14,16,1126
2320,709,8,16,714
1500,631,0,4,637
3718,543,3,6,552
1273,1130,5,8,1129
2045,1177,19,26,1177
2742,1183,18,22,1179
2699,434,11,19,428
2779,471,23,31,475
558,732,32,35,723
350,517,22,27,511
2643,1064,0,26,1058
1244,643,20,26,636
1574,509,0,9,499
2337,473,3,31,473
2236,409,7,14,413
459,723,0,19,722
2853,817,19,35,821
3490,1115,25,31,1121
2037,504,3,14,501
2908,993,19,31,999
313,1113,7,9,1110
4306,1169,26,30,1169
1351,599,19,26,590
1867,1274,22,25,1268
1307,539,22,26,529
1222,431,8,22,423
4255,1143,5,18,1154
3059,497,6,26,505
1239,497,28,35,498
2804,489,11,22,489
2307,457,5,14,458
1928,866,3,4,863
4235,697,20,26,703
3009,1334,9,20,1331
233,1164,12,16,1155
1471,1257,35,35,1248
3940,1186,5,9,1198
1281,502,19,20,498
2435,1089,13,19,1087
1228,593,5,18,588
2103,1109,23,25,1102
1384,826,35,35,829
690,913,5,13,902
232,1189,31,35,1185
287,499,20,26,495
138,1201,12,16,1201
4195,1152,27,35,1154
3370,819,8,12,822
2178,434,16,30,426
3244,463,3,9,461
136,1201,12,16,1200
4138,711,9,25,719
125,498,12,22,495
2081,1294,27,32,1296
2671,488,16,35,489
771,533,29,33,527
774,826,13,18,827
33,1104,20,28,1095
1435,992,9,13,994
3825,1137,3,6,1137
3979,1166,5,13,1168
1324,965,23,35,965
3882,1015,12,14,1017
2840,469,25,31,475
3094,1155,7,22,1164
3260,493,16,20,491
2043,486,5,25,486
1317,915,18,23,917
1106,452,3,6,454
1619,702,23,33,694
1733,437,0,27,442
208,839,14,18,825
2865,913,12,21,908
2079,941,7,26,936
1705,410,8,11,410
653,1186,5,8,1187
1059,1049,8,19,1037
412,451,19,24,451
2244,1155,30,35,1161
3412,564,25,29,566
322,1129,32,35,1126
948,419,14,35,406
600,530,6,28,526
2698,416,18,35,415
2951,502,19,35,504
308,613,18,20,600
2663,662,11,14,670
818,796,12,18,798
2126,1190,24,32,1189
712,447,0,5,438
702,449,18,35,438
455,1029,25,30,1021
2521,974,9,25,969
2578,1201,24,30,1210
1132,665,2,14,664
2230,479,34,35,472
1760,1060,3,10,1055
3997,550,23,27,553
1502,1152,12,21,1145
1473,895,0,6,889
1301,515,20,25,516
1046,693,9,17,691
2621,762,18,25,754
379,439,19,35,437
977,1000,2,26,992
2296,1038,1,6,1041
1752,1060,3,9,1055
556,1175,23,27,1171
349,530,27,28,526
2618,571,1,9,580
674,522,14,18,512
2111,1120,0,22,1116
235,675,7,9,675
3390,498,21,27,506
1693,913,0,24,904
4059,443,10,25,448
2112,613,3,9,606
1927,1227,6,12,1222
2573,1101,31,34,1103
2311,1254,9,14,1251
633,512,2,12,512
2116,447,26,32,444
700,721,4,25,725
2801,573,3,5,580
2945,1142,0,9,1151
1849,903,11,24,905
1600,883,0,5,873
1445,1173,13,23,1173
1722,821,22,26,814
2817,1113,3,6,1119
1661,1144,10,24,1146
2904,1074,31,35,1074
1964,1053,3,5,1056
689,598,8,20,585
2975,470,6,14,476
651,1294,9,15,1293
2853,817,19,35,821
4021,879,24,31,882
1069,1212,9,16,1204
154,524,3,5,510
3816,1119,0,5,1122
1716,1152,12,25,1147
706,555,25,32,556
1180,491,22,35,484
4252,476,26,35,479
1091,652,5,19,649
4207,1138,27,32,1139
2469,551,27,31,547
852,956,18,22,947
2087,1062,13,21,1057
2283,1126,18,24,1131
978,901,5,19,902
604,672,27,32,663
554,469,18,26,467
995,1086,6,23,1083
2930,1148,11,25,1150
3490,1115,25,31,1121
3809,1183,12,14,1182
1583,518,0,6,516
3479,1130,32,33,1134
1206,623,9,11,619
3852,968,0,5,973
2824,909,2,5,908
2505,710,20,23,715
3228,978,0,6,985
78,487,5,18,480
3638,883,0,20,879
1278,501,29,33,498
1145,503,23,31,498
686,432,9,20,422
478,1013,11,18,1006
612,722,11,15,723
1500,631,0,4,637
827,1119,26,29,1112
543,651,19,27,647
1848,451,30,35,456
573,1108,22,30,1097
3427,1272,9,18,1273
3254,608,13,16,609
965,1098,29,33,1098
3900,1061,4,19,1063
1139,739,3,6,740
811,780,8,15,780
423,1295,22,26,1291
462,1265,5,13,1260
47,439,19,26,435
2859,951,12,21,953
4005,1180,21,35,1183
35,562,20,25,555
1016,409,7,19,407
2802,386,0,30,385
2406,1275,11,18,1281
2971,447,0,5,447
3379,593,25,32,598
561,1083,14,19,1082
3853,739,25,27,749
1157,572,3,9,574
2629,1064,15,21,1058
322,1129,32,35,1126
4289,1015,12,17,1019
689,598,8,20,585
1024,478,29,35,468
2174,604,12,24,607
529,454,10,22,451
1105,517,19,33,515
2880,759,22,24,755
409,579,27,28,570
2987,789,7,24,789
1397,1335,27,35,1340
3276,1245,15,21,1255
3502,911,3,6,911
3234,436,15,32,447
686,432,9,20,422
170,488,6,22,480
728,1160,23,33,1157
2634,921,27,30,922
2306,470,12,23,473
1877,579,14,19,577
2565,582,20,26,579
3186,565,18,22,565
1812,624,16,18,621
842,449,23,28,439
3850,696,0,5,701
1469,538,0,19,529
3667,1296,0,3,1302
2786,771,9,16,774
1619,702,23,33,694
3915,520,0,5,523
3533,1120,0,2,1121
1408,828,25,30,829
2812,739,3,18,745
999,943,8,18,933
3046,696,0,29,699
328,668,23,28,662
82,1037,19,22,1035
2467,913,12,19,906
4054,672,6,25,673
2568,509,25,35,502
3106,443,3,6,447
4206,1213,19,22,1214
3332,1294,9,16,1300
2857,441,19,35,446
1184,1028,31,33,1024
3559,1075,0,3,1076
1426,1047,14,25,1038
243,1093,21,33,1081
514,1121,8,14,1111
1503,1152,12,21,1145
1159,579,27,32,574
3330,419,6,21,417
1498,447,0,5,441
3184,463,3,5,461
2047,490,2,19,486
1533,813,5,22,814
3786,942,15,18,943
549,511,19,32,512
63,446,4,19,435
2985,522,21,32,521
1130,1209,7,13,1204
14,1079,16,19,1065
3593,622,2,9,628
4000,994,33,35,1003
273,1133,18,21,1125
2261,1014,25,28,1011
526,975,9,17,977
552,571,1,12,571
1913,621,14,18,622
2785,412,15,16,416
203,1014,9,16,1005
1449,1018,8,12,1008
1894,954,7,12,950
862,1128,10,23,1127
3687,1135,2,5,1136
3261,493,16,20,492
1681,1209,24,25,1206
3021,501,25,31,505
3140,849,26,32,850
549,511,19,32,512
248,666,17,18,661
1126,699,15,19,693
4044,693,10,14,702
1721,435,22,26,442
1606,713,0,9,710
2892,1030,7,9,1029
2291,1231,29,35,1237
1170,587,32,35,588
3465,1027,13,16,1032
3960,1335,10,32,1347
3356,897,1,2,896
270,931,16,32,930
535,489,25,31,481
4046,594,16,19,598
823,1098,13,14,1097
1101,626,11,21,619
3003,500,8,22,504
1120,656,9,13,649
2165,819,8,9,817
791,501,22,29,497
2694,518,19,21,519
2216,1191,30,35,1190
3445,1023,3,5,1031
4178,496,18,31,509
1749,599,0,3,592
1854,654,15,17,652
2806,485,4,22,490
1761,447,14,21,442
4321,1126,16,17,1139
3640,1080,12,21,1092
629,489,25,28,481
1134,845,25,32,844
4295,530,31,35,539
931,791,8,22,781
3456,443,25,30,448
4008,509,19,20,508
529,454,10,22,451
3271,935,19,30,940
656,1103,25,30,1097
1253,459,6,8,454
2417,495,19,22,502
2156,1161,1,3,1161
3672,915,6,16,927
1578,409,7,22,409
1818,514,8,14,517
3181,1190,12,13,1196
1751,437,0,27,442
78,487,5,18,480
1624,616,5,21,620
2831,439,23,31,446
1442,1320,0,5,1326
1641,1123,2,21,1114
1756,992,9,16,995
3554,1005,0,9,1016
191,910,3,5,900
3508,969,0,12,971
1593,1148,3,6,1146
1043,550,23,26,543
3658,729,3,6,732
2930,1148,11,25,1150
2964,1091,8,18,1089
2173,1132,0,6,1131
3032,490,1,7,490
2349,1010,18,23,1011
2473,1101,31,33,1103
1082,1249,19,26,1248
3959,1335,10,32,1345
553,1353,18,21,1353
3370,819,8,12,822
1031,511,19,26,514
552,571,1,12,571
1986,556,18,23,560
3441,1254,9,14,1255
932,985,5,30,978
582,1083,23,27,1082
1952,990,28,30,997
2017,743,25,35,742
116,427,35,35,420
3230,583,3,10,582
235,675,7,9,675
3120,854,16,35,850
3852,968,0,5,973
349,530,27,28,526
2171,499,0,6,501
1431,1053,3,31,1053
1715,1265,5,18,1266
117,1335,29,35,1335
3866,883,0,5,882
2550,1031,21,27,1027
4202,873,29,33,884
547,996,0,6,990
4101,565,4,21,569
1923,644,18,23,639
3135,744,6,8,746
1904,855,6,25,862
3951,703,5,9,701
753,1090,7,10,1083
3103,863,13,17,866
1070,1071,9,14,1068
138,1201,12,16,1201
2386,466,26,28,473
803,994,4,20,991
1259,443,18,34,440
2177,765,15,24,773
3007,458,12,24,460
2654,518,19,22,519
4223,811,18,28,824
696,1089,30,35,1083
3982,828,1,9,838
144,1125,22,25,1125
1018,1074,0,18,1068
1322,925,23,25,918
1356,551,18,21,544
210,438,29,35,436
4350,434,20,27,434
912,1290,7,19,1293
317,902,25,26,900
807,1134,31,34,1127
82,1037,19,22,1035
3796,1060,3,6,1062
2726,873,19,20,876
1771,768,27,29,771
3529,1120,0,4,1121
4121,783,4,21,794
3686,1179,0,3,1182
4262,1005,9,14,1019
1436,992,9,13,995
3618,696,0,6,700
3466,563,22,28,566
3272,512,19,35,521
4026,546,22,35,553
3815,1120,0,3,1122
1933,443,10,14,443
1815,777,27,28,771
1422,1000,3,5,994
1342,1334,9,14,1324
3508,969,0,12,971
1054,978,6,15,978
3374,1334,27,35,1333
861,401,9,17,392
1427,990,33,35,994
2609,834,19,32,834
848,1327,22,32,1322
3221,643,20,21,642
3208,598,16,23,597
2124,1101,19,26,1102
1421,509,0,4,498
2307,457,5,14,458
2116,447,26,32,444
2519,391,1,12,399
84,423,18,35,420
4004,1103,25,28,1108
2949,1021,1,35,1029
4325,1133,6,15,1139
3922,1015,12,21,1018
401,1022,11,16,1020
2203,636,22,26,639
16,1144,25,26,1140
1176,1133,11,12,1128
2636,828,1,19,834
2996,524,3,5,521
741,1179,21,35,1172
835,1139,14,22,1127
3455,527,5,25,537
3599,942,0,9,942
4232,500,16,21,509
2572,484,7,19,489
699,461,29,32,452
1805,474,19,25,471
426,1299,24,28,1292
1645,984,33,34,980
3593,622,2,9,628
3625,976,20,23,987
3660,1132,0,9,1135
2369,434,21,26,427
1367,729,3,8,726
1023,598,8,19,587
2317,503,23,25,501
1097,437,6,25,440
387,466,23,26,466
1176,1133,11,12,1128
4326,478,5,21,479
351,449,14,15,437
2193,1287,31,35,1280
4238,992,3,23,1004
3635,723,0,8,731
2329,917,30,35,921
1649,965,14,18,966
1999,551,13,23,546
3180,609,34,35,609
372,1051,17,35,1051
152,509,19,26,495
3006,538,12,21,535
2153,1128,19,33,1131
3462,533,19,22,537
4086,673,31,35,674
3421,490,1,16,492
381,648,9,10,646
1471,1257,35,35,1248
2515,468,25,35,474
964,642,17,23,635
3403,540,28,32,552
138,1201,12,16,1201
1289,962,11,18,964
1413,1093,9,15,1084
2754,1186,32,33,1194
4020,1100,6,16,1109
437,514,29,35,511
1636,1018,0,4,1009
4299,1295,22,26,1304
3807,1015,12,16,1016
4163,617,5,15,629
2332,1024,33,35,1026
2125,1109,13,16,1102
3300,992,9,25,1001
2062,898,3,27,892
3296,634,20,33,642
2544,509,0,3,502
2096,1119,7,19,1116
3909,1025,10,24,1033
1098,1022,11,16,1023
105,675,7,21,675
4117,983,9,19,989
3769,729,3,6,732
2859,951,12,21,953
996,1078,20,31,1068
1355,1014,9,21,1008
4099,1308,28,32,1318
2497,1111,29,35,1119
349,530,27,28,526
3710,1297,0,3,1303
2795,470,18,20,475
2807,513,3,5,520
2652,443,3,4,446
403,488,18,22,481
1413,1093,9,15,1084
1691,1135,2,9,1130
2892,1030,7,9,1029
1804,829,19,31,832
3802,883,0,15,881
3146,470,12,23,476
875,1071,16,28,1067
4221,1168,6,12,1168
1530,1072,4,22,1069
2984,537,15,19,535
108,451,16,21,450
3743,1135,2,13,1136
1021,762,5,22,751
0,1054,16,21,1050
2282,1126,18,24,1131
3361,451,24,32,462
1671,599,0,6,591
860,1272,18,21,1261
695,474,19,22,467
4174,534,5,9,538
3331,498,0,14,506
4335,1108,14,21,1109
1101,626,11,21,619
4041,993,9,24,1003
1267,1339,12,25,1339
3870,423,9,17,432
3906,1035,0,18,1047
3269,1071,9,25,1075
1799,776,32,35,771
2219,1039,2,6,1041
617,974,27,35,961
2708,501,18,23,503
2602,1314,27,31,1314
3794,946,3,12,957
3434,449,23,35,448
615,1148,3,19,1141
1723,1150,33,35,1147
3483,1128,19,30,1134
2822,511,1,6,520
1194,1093,27,32,1084
2725,817,19,22,819
175,935,11,19,930
2093,488,21,27,487
1519,1032,20,27,1025
3563,1242,2,9,1243
1334,481,31,35,485
1510,1047,0,9,1039
3615,992,3,15,1002
2199,1039,2,21,1040
2341,504,3,15,501
2637,500,16,24,503
853,451,19,35,452
2515,468,25,35,474
1784,713,25,35,711
2825,1191,30,35,1194
631,590,21,27,585
184,469,25,30,465
3344,498,0,23,506
1494,488,0,6,485
1639,623,3,6,620
4001,931,14,16,944
3593,622,2,9,628
3526,920,3,19,926
322,1129,32,35,1126
297,1015,12,14,1005
3255,483,3,6,491
1658,664,13,22,666
493,924,16,19,915
2839,520,23,32,520
3978,1001,24,35,1003
677,1065,31,35,1066
601,514,31,35,512
750,886,25,28,887
4056,1126,18,23,1138
579,1118,6,16,1111
2011,760,3,6,752
1459,1222,3,7,1220
1865,731,22,26,728
2488,1314,9,12,1313
3437,901,5,9,911
4127,1134,6,9,1138
764,803,9,18,797
3582,511,19,31,522
517,871,6,9,871
1286,1123,2,14,1114
1828,436,12,19,442
418,1105,9,25,1096
1695,1125,3,18,1130
341,460,13,20,450
800,537,9,10,527
1678,1060,3,5,1055
2886,1089,7,19,1089
3027,1138,9,16,1133
2066,514,8,13,518
4179,478,29,33,478
3067,901,10,19,909
1086,1146,6,25,1143
1050,688,7,26,679
1075,1107,13,20,1098
658,643,25,28,633
4176,1093,27,35,1094
3221,643,20,21,642
298,1133,6,20,1125
2,1174,27,31,1170
2624,1013,11,18,1013
1216,648,27,32,649
2108,845,11,20,846
655,1118,6,16,1112
2576,1161,25,35,1162
1517,1204,4,24,1206
3406,502,1,5,506
4317,1119,0,4,1124
1310,706,31,35,709
3746,1142,24,25,1152
1470,609,0,5,603
2510,1089,7,16,1087
2858,951,12,28,953
2172,1143,5,21,1148
4273,759,3,14,764
1263,1288,18,35,1276
2634,921,27,30,922
1875,605,10,12,605
3246,944,1,6,940
3227,978,0,6,985
996,1078,20,31,1068
873,1119,7,19,1112
2628,579,31,35,580
3342,1053,3,6,1059
4031,1049,8,12,1048
2531,669,32,35,668
3827,1090,0,16,1093
3559,1075,0,3,1076
2496,1111,29,33,1118
2838,782,27,32,788
2436,496,18,21,502
1825,616,27,28,621
1206,623,9,11,619
3059,497,6,26,505
3155,1138,9,16,1134
2598,1093,27,35,1087
1086,1146,6,25,1143
1529,719,3,9,710
1629,1035,0,23,1039
3504,1238,0,10,1241
3007,458,12,24,460
4265,495,19,31,509
1027,1060,29,33,1053
2750,818,7,10,820
4261,410,18,34,419
1276,729,3,8,726
1902,1102,23,30,1101
4213,507,12,24,509
4340,1300,12,16,1304
4302,1257,0,5,1259
2271,934,28,32,936
2544,509,0,3,502
2049,813,5,21,816
1499,508,0,6,499
2568,509,25,35,502
709,931,18,34,932
2289,558,19,21,561
2715,517,19,27,519
3195,778,0,24,777
720,946,19,30,946
621,942,14,18,932
3851,1120,0,4,1122
3002,530,27,29,535
3357,935,19,30,941
255,540,19,24,541
2958,1144,10,21,1151
3648,400,8,23,402
1371,1298,35,35,1294
3576,754,0,6,760
3700,441,8,22,448
3566,1179,34,35,1181
3907,509,0,3,508
2269,499,0,5,501
48,464,16,35,450
1204,804,10,20,800
2615,849,19,35,849
2959,798,6,21,806
445,392,2,5,390
3493,1138,27,35,1135
2145,771,1,5,772
1295,587,18,20,589
3228,978,0,6,985
3738,1158,0,9,1166
4279,729,9,18,734
684,830,3,8,826
3064,524,25,28,521
3626,1245,15,21,1256
1753,1090,0,5,1085
2602,1314,27,31,1314
2215,431,14,31,426
2713,537,27,28,534
890,1047,0,8,1037
124,1037,19,26,1035
2894,892,0,3,895
1211,817,19,22,813
530,902,10,22,901
153,545,11,18,540
472,598,28,35,585
2335,713,0,5,714
595,1200,25,29,1202
3531,1148,3,6,1152
4286,453,25,31,464
3144,1191,22,27,1196
88,477,4,21,465
3766,1121,18,20,1122
2447,860,22,26,865
1857,582,30,35,576
337,558,19,26,555
1250,1161,1,2,1158
2190,1236,23,32,1237
1037,902,25,32,903
225,820,8,19,810
3279,466,17,28,477
2793,590,3,8,595
1390,448,5,9,441
212,1079,20,21,1065
188,511,19,24,510
3418,981,2,23,986
1285,521,23,31,516
2447,860,22,26,865
3925,479,0,27,477
2905,766,17,20,775
864,946,13,17,947
4036,441,19,21,448
1196,574,20,25,575
1436,992,9,13,995
3983,567,15,16,568
1857,582,30,35,576
2085,571,19,29,578
2439,687,26,32,682
2827,473,26,27,475
1525,586,11,13,591
4138,711,9,25,719
3795,983,3,9,987
3367,1147,2,16,1151
476,859,21,27,857
2518,998,22,27,998
4239,1045,22,26,1049
3674,958,0,3,957
1435,992,9,13,994
1304,1014,9,19,1008
698,1210,25,28,1203
3070,913,32,35,909
1909,623,3,7,622
322,1129,32,35,1126
3496,543,3,30,552
253,508,0,3,495
1545,469,0,4,470
2745,1033,17,35,1028
1753,1090,0,5,1085
107,839,22,28,825
56,474,19,26,465
460,820,21,27,811
1560,1069,3,4,1070
919,432,3,14,423
3687,1135,2,5,1136
2126,1190,24,32,1189
2026,526,0,3,531
2317,503,23,25,501
3069,507,5,14,505
735,1232,9,12,1232
2242,777,31,35,774
1357,551,18,21,544
3833,1143,0,4,1153
2524,910,3,23,907
3528,1035,0,24,1044
4158,1228,6,21,1228
1483,509,19,20,499
1662,1148,11,16,1146
3669,1296,0,3,1303
3477,816,25,28,823
3242,498,0,23,505
1824,907,27,29,905
3855,1060,3,9,1063
3550,1113,3,9,1121
1490,1138,27,30,1129
2795,470,18,20,475
602,619,31,34,616
179,1114,27,32,1110
1806,1097,28,32,1100
781,511,23,35,513
3516,1018,34,35,1015
3331,498,0,14,506
729,688,6,21,678
4286,453,25,31,464
2274,628,6,24,624
549,511,19,32,512
639,465,9,21,467
1824,907,27,29,905
590,638,5,18,633
2246,536,21,27,532
4229,450,1,5,464
1987,543,21,23,546
3660,1132,0,9,1135
4012,510,6,7,524
3310,1082,10,18,1091
2819,476,10,25,475
3747,1142,24,25,1152
2006,912,25,33,906
2399,976,20,26,983
203,1014,9,16,1005
918,1163,12,16,1157
379,439,19,35,437
3533,1120,0,2,1121
4,516,32,35,510
2350,1101,6,16,1103
743,602,21,28,602
57,1022,5,8,1020
2171,499,0,6,501
2680,1152,12,16,1149
2247,1114,21,31,1117
2274,628,6,24,624
751,1028,19,26,1022
2793,590,3,8,595
1150,804,19,26,799
1931,1204,23,28,1207
3073,851,17,21,850
3013,650,19,20,655
648,639,31,35,633
3799,968,0,3,973
900,602,11,25,602
2592,1282,3,5,1281
3815,1120,0,3,1122
4178,496,18,31,509
3894,447,0,5,448
2492,1118,31,34,1118
722,443,25,35,438
793,526,3,5,527
2086,457,22,23,457
1043,550,23,26,543
46,1080,3,9,1080
1075,1107,13,20,1098
3361,451,24,32,462
848,1327,22,32,1322
2211,445,21,35,444
2755,1098,23,32,1104
1003,994,14,16,992
1449,1018,8,12,1008
3121,1018,0,26,1014
3035,982,9,18,984
1259,443,18,34,440
1940,727,1,28,728
3411,901,32,35,910
1998,1291,6,9,1295
4131,579,31,35,584
1145,503,23,31,498
403,488,18,22,481
3656,1048,0,2,1046
2527,969,6,23,969
2250,855,19,20,865
3912,1282,3,9,1287
1557,1007,0,7,1009
1145,503,23,31,498
108,451,16,21,450
3241,616,26,35,626
4226,432,3,9,433
51,1048,0,3,1035
945,886,2,5,888
3443,877,21,28,877
1592,1148,3,6,1146
4090,464,18,23,463
4326,478,5,21,479
648,639,31,35,633
4320,1047,31,35,1049
4295,530,31,35,539
2082,1089,7,28,1085
3904,520,34,35,523
4286,453,25,31,464
2788,909,2,11,907
1344,917,20,22,918
2997,1205,5,17,1211
4,516,32,35,510
721,1163,24,30,1157
2470,1154,20,21,1149
1849,903,11,24,905
3414,905,26,28,911
1760,1060,3,10,1055
1778,663,21,27,667
514,1121,8,14,1111
2418,477,4,35,473
3132,828,25,28,835
1285,521,23,31,516
3018,537,27,29,535
747,620,22,26,617
3189,933,3,33,939
2124,1101,19,26,1102
2924,458,19,24,460
3743,1135,2,13,1136
33,1104,20,28,1095
3368,1071,9,16,1075
2339,1044,25,28,1042
582,1083,23,27,1082
3360,993,13,18,1001
3902,975,9,17,989
459,723,0,19,722
4083,443,3,6,448
2768,922,10,19,923
875,1071,16,28,1067
4341,525,19,24,539
1130,1209,7,13,1204
1999,551,13,23,546
200,980,11,13,975
223,839,22,25,825
3719,498,0,23,507
336,415,11,21,406
2889,498,24,31,504
4119,623,9,12,629
4071,466,15,21,478
2469,551,27,31,547
1599,883,0,5,873
2593,549,19,21,548
3010,1298,35,35,1298
2851,537,21,26,534
2889,498,24,31,504
1204,804,10,20,800
1241,466,12,14,469
2201,1086,24,28,1086
1946,915,6,7,920
4086,673,31,35,674
666,1023,23,25,1021
2149,1272,27,30,1268
271,482,19,26,480
3906,1035,0,18,1047
1368,1042,4,8,1038
244,1093,21,33,1081
224,467,5,15,466
183,643,20,25,630
3513,892,0,2,897
1165,628,24,31,619
3355,575,21,27,583
1752,1060,3,9,1055
2514,530,3,9,533
3397,471,25,27,477
2795,470,18,20,475
2907,1097,14,15,1105
1337,980,7,13,979
2739,756,25,32,755
1658,664,13,22,666
2720,471,7,24,474
1175,1133,11,12,1128
3053,533,19,22,535
104,945,27,35,945
2369,434,21,26,427
3506,1120,0,4,1121
668,633,20,30,634
3978,1001,24,35,1003
1092,481,12,25,483
1327,456,11,13,454
1052,1098,26,28,1098
2449,538,28,29,533
865,1135,12,13,1127
3786,942,15,18,943
217,462,23,28,450
323,428,6,20,420
2357,1261,3,5,1269
4259,465,31,35,479
2291,1231,29,35,1237
302,448,0,5,436
2331,1151,5,6,1148
317,902,25,26,900
3481,428,16,25,430
2510,1089,7,16,1087
2719,417,18,26,416
536,941,7,16,931
2202,1086,24,28,1086
3739,1164,12,24,1167
9,682,24,28,675
579,1118,6,16,1111
4296,849,18,21,854
2909,585,4,11,596
166,478,5,26,465
798,873,19,20,871
930,564,3,19,557
2253,698,2,13,695
3931,508,0,14,508
3608,1046,0,9,1045
3589,427,0,3,431
2621,762,18,25,754
3990,1300,24,32,1303
203,1014,9,16,1005
2699,434,11,19,428
1385,1151,12,25,1144
1458,1135,12,14,1129
3004,564,3,16,564
3443,877,21,28,877
2457,1117,29,32,1118
3932,1161,11,12,1167
487,464,16,24,451
1156,996,20,29,992
185,457,12,24,450
3029,1029,11,16,1029
3338,587,19,21,598
3859,1064,0,4,1063
1477,465,4,21,470
2987,789,7,24,789
2889,498,24,31,504
1593,1148,3,6,1146
1431,1053,3,31,1053
3606,1064,0,4,1061
1901,1014,20,22,1010
2444,447,22,25,445
2421,438,13,18,444
570,539,22,27,526
3173,464,16,21,461
4308,450,7,20,464
3983,567,15,16,568
1530,1072,4,22,1069
2349,1010,18,23,1011
2468,975,9,12,983
3246,944,1,6,940
127,655,17,23,645
1659,664,13,16,666
3587,1046,34,35,1045
2505,710,20,23,715
2048,744,31,34,742
497,1091,14,25,1081
322,1129,32,35,1126
3881,1015,12,16,1017
3904,520,34,35,523
2831,439,23,31,446
4234,603,3,6,613
822,772,2,18,768
1499,508,0,6,499
3688,1053,3,6,1062
3704,498,0,23,507
1758,1277,23,26,1279
3878,498,0,3,508
3470,1123,9,13,1120
2368,1121,18,24,1117
893,568,6,10,557
932,985,5,30,978
4164,1150,19,30,1154
1529,719,3,9,710
3760,499,0,5,508
1564,929,0,2,919
4010,866,3,4,869
4211,1135,12,18,1139
2069,1318,22,31,1310
2186,728,1,6,729
971,516,28,31,514
1604,1069,3,6,1070
2372,756,11,16,754
2615,849,19,35,849
2192,1331,19,24,1327
1511,747,8,9,741
1868,460,13,20,456
1211,817,19,22,813
585,624,18,23,616
401,1022,11,16,1020
1728,1133,6,21,1131
2999,829,2,14,835
2784,800,20,29,805
3607,1090,0,23,1092
1225,393,3,19,393
1235,879,22,25,872
3165,645,0,6,656
2917,501,8,20,504
1030,494,23,31,483
2540,549,19,26,548
1925,1228,31,35,1222
729,688,6,21,678
3021,501,25,31,505
4077,462,2,6,463
840,1134,6,9,1127
1683,463,3,14,455
413,1170,30,35,1171
4017,1231,21,23,1244
3608,1046,0,9,1045
2152,529,18,35,531
236,1163,18,23,1155
2279,645,19,25,654
2940,1120,31,32,1120
3650,1022,3,6,1032
68,477,21,24,465
3867,942,15,24,944
4041,993,9,24,1003
320,983,3,7,975
2305,933,3,9,937
18,1222,3,18,1215
1467,436,0,6,441
3036,798,6,19,806
2804,489,11,22,489
4124,501,25,35,508
2992,1291,20,35,1298
4193,801,14,18,809
3809,1183,12,14,1182
2428,1255,10,18,1252
1393,543,3,5,545
3850,696,0,5,701
3006,538,12,21,535
1150,804,19,26,799
2967,1093,9,18,1089
1583,518,0,6,516
3690,768,0,2,778
4288,1105,15,21,1109
4272,950,25,27,959
2349,1010,18,23,1011
3595,1113,3,5,1121
1276,729,3,8,726
3759,522,12,17,523
2977,527,23,27,534
2128,1188,21,26,1190
2303,1069,2,3,1073
3237,503,23,32,505
2220,625,33,35,624
1544,1075,0,6,1069
1672,1064,0,4,1055
2210,648,2,22,653
3585,417,0,28,418
1035,1123,27,34,1112
2529,402,10,13,399
890,1047,0,8,1037
1648,965,14,18,966
3619,928,0,24,926
4232,500,16,21,509
2455,1058,25,30,1057
4303,1315,17,18,1319
2002,541,23,28,546
3397,471,25,27,477
696,1089,30,35,1083
2709,501,18,23,503
3133,1104,9,13,1106
3755,978,33,35,987
926,483,23,34,482
3015,754,19,22,756
308,613,18,20,600
1804,829,19,31,832
2651,644,18,25,641
960,532,13,27,528
4168,1255,23,26,1258
3164,626,5,33,626
4099,1308,28,32,1318
2052,1076,0,3,1072
3071,1170,20,22,1180
1751,437,0,27,442
4320,1047,31,35,1049
1368,1042,4,8,1038
1480,1272,9,16,1263
4047,1081,15,21,1093
2254,462,13,16,458
169,729,28,32,720
1949,482,28,31,486
2299,607,27,30,607
223,839,22,25,825
3024,1002,19,26,1000
1996,1064,0,6,1056
1144,521,28,29,515
1007,951,12,25,948
10,594,6,24,585
4108,571,1,4,584
4354,551,23,27,554
562,932,2,13,931
2611,1093,20,35,1087
257,1060,7,18,1050
559,648,12,25,647
2947,449,13,22,446
238,982,9,18,975
2303,1069,2,3,1073
3014,650,19,24,656
2854,518,11,30,520
2134,1075,14,20,1073
277,901,5,7,900
3613,1064,0,2,1062
2371,494,23,26,488
4013,1118,6,17,1123
212,1079,20,21,1065
2520,854,29,33,849
474,628,24,28,616
3558,1137,3,9,1135
3860,663,12,15,673
222,1146,6,10,1141
721,1163,24,30,1157
639,465,9,21,467
1113,1134,25,29,1128
3959,1335,10,32,1345
1225,393,3,19,393
4162,659,27,35,659
349,530,27,28,526
2493,622,2,19,625
1310,706,31,35,709
2282,1126,18,24,1131
2669,688,6,21,682
4278,691,8,19,704
709,931,18,34,932
1102,1302,25,32,1293
70,1133,11,16,1125
3196,799,21,28,807
2941,546,21,35,550
1418,1116,5,19,1114
2771,543,3,5,549
368,860,22,26,855
4155,1333,8,18,1334
1597,1123,2,13,1114
4118,507,12,20,508
1002,510,8,10,514
682,852,5,6,842
338,1197,26,32,1186
4266,481,2,6,494
3272,512,19,35,521
3496,543,3,30,552
3259,1313,9,21,1317
1596,1011,27,28,1009
1648,965,14,18,966
1903,685,11,14,681
3842,1113,24,25,1122
3840,1064,0,3,1063
946,524,25,26,514
536,941,7,16,931
3686,1179,0,3,1182
1377,1144,10,16,1144
408,522,14,21,511
2373,794,11,24,787
2180,976,25,32,981
3079,933,3,30,939
689,598,8,20,585
2790,491,22,27,489
4145,1170,7,9,1183
3370,819,8,12,822
1881,477,4,14,471
400,514,8,22,511
1622,913,0,9,904
3773,679,0,3,687
3889,539,0,8,538
1390,448,5,9,441
1231,1143,32,35,1143
3187,480,22,24,491
3621,1074,0,7,1077
609,796,16,27,797
2953,477,29,33,475
3672,915,6,16,927
4110,1046,31,32,1048
2523,780,8,18,787
2135,849,16,35,847
2078,623,3,5,624
2288,1197,26,32,1191
1718,499,0,4,500
516,717,1,6,705
1945,992,28,29,997
232,1189,31,35,1185
515,501,22,26,496
3870,423,9,17,432
2301,711,21,23,714
527,1185,19,20,1187
1775,519,12,21,517
1031,511,19,26,514
3479,1130,32,33,1134
389,1294,27,35,1291
4069,1161,11,17,1168
2072,1114,17,21,1116
3785,883,0,15,880
3186,565,18,22,565
1816,553,29,33,545
965,1098,29,33,1098
359,1072,5,6,1066
600,530,6,28,526
3145,489,25,27,491
3562,1120,0,4,1121
308,613,18,20,600
1031,511,19,26,514
3079,933,3,30,939
3026,802,8,27,806
1161,513,24,31,515
3837,978,0,6,988
3617,1064,0,8,1062
3261,493,16,20,492
3227,978,0,6,985
621,942,14,18,932
4016,583,29,35,584
1059,1049,8,19,1037
43,498,12,21,495
4068,1014,27,35,1019
2997,1205,5,17,1211
2280,425,23,25,427
3555,1046,0,24,1044
3971,1339,12,13,1348
223,839,22,25,825
2231,1186,5,20,1190
575,1165,19,20,1155
355,470,6,10,466
1525,586,11,13,591
3087,1067,1,13,1074
1192,1028,19,22,1024
2295,1038,1,6,1041
1951,1057,1,5,1056
1499,508,0,6,499
842,449,23,28,439
3482,956,8,29,956
2481,447,26,32,445
2663,662,11,14,670
543,651,19,27,647
2060,764,25,28,753
2606,559,12,25,563
3794,946,3,12,957
1863,540,8,22,546
2765,1053,3,7,1058
141,1123,9,16,1110
1614,992,3,9,995
1516,888,3,6,890
1074,960,12,16,963
3707,1218,0,6,1226
3563,1242,2,9,1243
2629,1064,15,21,1058
3227,978,0,6,985
1397,1335,27,35,1340
883,469,25,27,468
1694,499,0,14,500
1864,1200,25,33,1207
515,501,22,26,496
2044,1046,0,1,1040
2213,1209,7,9,1209
2522,452,18,32,459
3756,1152,9,25,1153
1179,617,20,27,619
3911,1046,0,3,1048
1608,509,0,5,500
662,491,22,26,481
1493,1275,0,12,1277
697,507,5,15,497
2903,1194,27,35,1195
3742,1123,2,13,1122
1468,478,0,25,470
4102,517,22,35,524
1055,978,6,15,979
2150,417,5,20,412
1336,573,3,5,575
3463,602,16,26,610
1351,599,19,26,590
1273,1130,5,8,1129
1645,984,33,34,980
308,613,18,20,600
3645,1105,12,19,1107
2375,1134,24,33,1132
1444,1182,25,31,1173
966,1168,31,35,1157
3063,524,25,28,521
830,1238,0,2,1233
2852,458,19,26,459
2635,1128,10,18,1132
4149,828,25,35,839
1994,605,33,34,606
1140,739,3,6,740
1091,652,5,19,649
404,465,10,22,467
2264,897,30,32,893
3862,518,0,6,523
168,1009,6,14,1005
3446,873,30,35,878
3833,1143,0,4,1153
3476,524,25,26,522
3758,1029,11,16,1032
4161,448,13,21,449
2181,875,21,26,875
170,488,6,22,480
3696,1251,29,33,1257
3011,1074,6,21,1074
3610,972,3,5,972
2488,1314,9,12,1313
2262,1014,25,28,1011
2764,1053,3,7,1058
2972,1086,6,21,1089
3953,1257,0,4,1257
3410,616,32,35,627
3427,1272,9,18,1273
466,439,19,35,437
4108,571,1,4,584
4285,471,7,16,479
817,1326,5,14,1321
3173,464,16,21,461
3239,991,16,18,1000
3328,937,12,22,940
1692,1135,2,9,1130
3010,1298,35,35,1298
1465,478,0,18,470
387,466,23,26,466
3836,1064,0,3,1063
2985,522,21,32,521
1028,1120,7,22,1112
392,1111,28,32,1111
1213,898,3,19,888
66,538,29,31,525
4026,546,22,35,553
3634,687,32,35,686
346,978,14,18,976
2426,475,9,14,473
4034,844,0,6,852
2602,1314,27,31,1314
1847,527,15,21,530
3511,910,3,4,912
3630,568,0,9,567
1733,437,0,27,442
1222,431,8,22,423
2975,470,6,14,476
4186,473,3,15,478
2618,571,1,9,580
1100,700,3,9,692
3831,548,0,6,553
815,423,9,29,422
2824,909,2,5,908
539,1100,31,33,1097
1288,1105,20,26,1099
1135,1123,9,20,1113
2147,652,25,27,653
3834,1075,0,6,1078
2904,1074,31,35,1074
438,507,12,15,496
3667,1296,0,3,1302
3411,901,32,35,910
71,1133,11,16,1125
2154,1200,25,35,1208
2283,1126,18,24,1131
2533,421,3,5,427
3222,478,21,22,477
4337,478,29,33,479
1135,1123,9,20,1113
443,1294,27,35,1292
1085,1051,2,5,1053
49,1073,12,14,1065
3662,518,0,5,523
825,1314,27,35,1307
2444,447,22,25,445
319,626,25,35,615
2086,457,22,23,457
2571,666,17,31,669
786,1043,12,16,1037
3261,493,16,20,492
1621,749,3,5,741
3131,1254,27,31,1255
1297,1138,9,18,1129
1196,574,20,25,575
647,1144,25,28,1142
1691,1135,2,9,1130
1936,620,13,21,623
112,891,19,33,885
3404,1003,14,18,1001
846,493,26,32,482
1720,992,9,17,995
1831,776,32,35,772
1929,458,12,19,456
933,430,19,26,423
3489,396,5,22,402
3639,883,0,20,879
2659,713,22,26,715
3349,1015,12,16,1015
1122,1085,18,35,1084
3451,935,19,30,941
1834,1117,13,21,1115
3383,762,16,21,758
3647,518,0,3,522
4117,983,9,19,989
599,501,19,26,496
1688,487,0,5,485
2730,1123,1,6,1119
426,1299,24,28,1292
1209,672,6,12,665
4051,600,9,25,613
4109,1093,1,3,1094
2205,478,20,35,472
2612,1093,20,35,1087
2350,1101,6,16,1103
1449,1018,8,12,1008
3962,1198,0,8,1199
1489,946,3,4,948
1591,479,0,5,471
3390,498,21,27,506
1149,913,0,6,903
1232,1116,29,31,1113
2155,530,3,19,531
1347,1004,21,29,993
3316,1071,9,11,1075
128,408,6,22,405
1975,727,1,6,729
1965,636,22,26,639
2050,1297,34,35,1295
1371,1298,35,35,1294
2281,820,8,24,817
1299,1305,5,13,1308
4135,1063,9,15,1064
2656,749,3,8,745
3694,499,0,3,507
756,461,20,27,452
1008,473,3,18,468
1107,1027,25,28,1023
1461,766,32,33,769
3839,1041,3,4,1047
2769,922,10,19,923
1172,844,12,19,845
2698,416,18,35,415
824,547,13,20,542
704,939,6,9,932
2883,517,19,27,520
2305,933,3,9,937
4306,1169,26,30,1169
1284,545,11,16,544
1024,478,29,35,468
331,1063,14,27,1050
3466,563,22,28,566
4135,1063,9,15,1064
2600,541,14,16,548
4122,1060,7,18,1064
3107,626,25,30,626
4350,434,20,27,434
2720,471,7,24,474
2459,1002,3,6,998
981,852,32,35,843
3126,505,20,25,505
2916,1189,6,17,1196
1853,583,20,26,576
3912,1282,3,9,1287
162,516,29,33,510
927,1011,27,30,1007
1412,1120,0,6,1114
3125,495,19,20,505
2622,1013,11,23,1012
1343,517,28,32,516
2783,800,20,29,805
3868,722,5,9,733
1582,499,0,3,500
2204,1090,18,24,1086
3733,509,0,6,508
1255,593,25,29,589
2917,501,8,20,504
2998,1146,6,25,1151
3298,839,22,29,836
2580,539,22,27,533
987,1321,4,6,1323
1884,1275,0,11,1279
2983,585,9,21,596
746,1098,28,31,1097
66,538,29,31,525
3522,1236,0,2,1242
579,1118,6,16,1111
2782,800,20,29,804
4354,551,23,27,554
4014,430,13,21,433
269,997,4,7,990
135,1201,12,16,1200
3184,463,3,5,461
640,540,13,21,542
434,987,16,18,976
1596,1011,27,28,1009
1282,978,6,21,979
2169,809,25,29,803
918,1163,12,16,1157
394,517,22,25,511
715,1165,25,30,1156
2781,1158,18,20,1163
1596,1011,27,28,1009
3453,393,3,22,401
4152,1069,3,21,1079
2832,1148,25,35,1150
3700,441,8,22,448
2652,443,3,4,446
2348,525,18,24,532
3277,620,30,32,626
1418,1116,5,19,1114
35,562,20,25,555
1568,509,0,6,499
1096,459,28,34,453
1775,519,12,21,517
3102,483,7,21,491
1879,579,31,33,577
480,525,10,25,526
4009,866,3,4,868
2157,684,3,9,681
357,859,4,7,855
1646,958,0,9,949
282,1228,6,12,1215
4339,992,3,5,1004
2256,1251,20,26,1250
2091,462,23,31,457
1747,1106,0,6,1100
2102,1072,5,8,1072
1714,892,0,19,891
2730,1123,1,6,1119
925,966,21,24,963
1876,855,19,28,861
2864,913,12,21,908
973,541,1,6,543
3392,900,4,16,910
4087,749,3,6,749
1234,1150,19,30,1143
1446,1174,9,21,1174
1308,804,23,28,801
2455,1058,25,30,1057
2788,909,2,11,907
136,1201,12,16,1200
643,626,11,13,617
1388,923,11,20,918
598,601,1,6,602
2158,1206,23,25,1208
3378,894,6,25,896
1172,844,12,19,845
1777,554,21,27,545
3677,661,0,9,672
3739,1164,12,24,1167
2779,471,23,31,475
94,1089,7,18,1080
893,568,6,10,557
1144,521,28,29,515
1589,1154,13,21,1146
3667,1296,0,3,1302
2886,1089,7,19,1089
2106,541,1,4,547
2368,1121,18,24,1117
819,796,12,18,798
3884,1125,3,9,1137
3140,849,26,32,850
4312,607,27,33,614
57,1022,5,8,1020
4335,1108,14,21,1109
1243,643,20,26,636
3456,443,25,30,448
3776,754,19,26,762
1891,996,16,19,996
4160,500,16,25,509
4014,430,13,21,433
1979,901,5,7,906
4302,1257,0,5,1259
4251,1019,8,14,1019
223,839,22,25,825
14,1079,16,19,1065
1371,1298,35,35,1294
3426,568,6,11,566
718,1051,17,27,1052
1302,474,19,26,469
3517,1075,0,1,1076
3248,534,19,25,536
3785,883,0,15,880
1271,436,15,27,440
1018,1074,0,18,1068
1986,556,18,23,560
4191,806,0,22,809
2381,1252,20,29,1251
556,1175,23,27,1171
1641,1123,2,21,1114
2520,854,29,33,849
60,540,29,31,540
3346,736,31,34,747
524,677,22,27,677
3775,998,0,6,1002
355,470,6,10,466
346,978,14,18,976
3299,618,31,35,627
403,488,18,22,481
3966,1355,19,26,1363
3322,608,19,26,610
4147,1248,18,21,1258
2830,1265,32,35,1273
4139,635,26,35,644
3914,520,0,5,523
699,461,29,32,452
2209,1335,9,21,1343
3725,567,0,9,568
58,1031,8,25,1020
1997,1140,23,35,1147
542,1135,12,16,1126
3029,1029,11,16,1029
2793,590,3,8,595
1959,722,4,5,729
3126,505,20,25,505
1032,1162,3,14,1158
4316,662,0,4,674
3026,802,8,27,806
1923,644,18,23,639
1631,1002,7,9,995
1188,798,14,25,800
3989,478,20,24,477
1904,855,6,25,862
3236,463,3,5,461
3917,520,0,6,523
1623,1277,0,1,1278
1752,1060,3,9,1055
2562,735,0,3,744
464,1290,7,21,1292
318,441,28,35,436
565,548,23,25,541
2485,913,32,35,907
4100,451,19,27,463
3700,441,8,22,448
2893,1092,19,27,1089
3597,1035,0,9,1045
1073,1037,19,26,1038
2346,1194,9,19,1191
3304,804,10,21,807
743,602,21,28,602
3859,1064,0,4,1063
3618,696,0,6,700
282,1228,6,12,1215
154,524,3,5,510
240,873,7,8,870
1653,1074,0,6,1070
1220,541,14,20,544
1826,790,17,30,785
3369,483,7,21,492
2034,1000,3,5,997
2890,459,6,22,459
1465,478,0,18,470
4176,1093,27,35,1094
3271,935,19,30,940
677,1065,31,35,1066
868,1192,28,35,1188
3869,790,0,6,791
1545,469,0,4,470
1114,1196,29,31,1188
5,1298,11,15,1290
3727,499,0,9,507
3009,1334,9,20,1331
1719,729,9,18,727
2279,645,19,25,654
4240,1105,21,27,1109
110,448,27,32,435
1552,499,0,3,499
4019,517,16,25,524
1473,895,0,6,889
1045,762,5,14,751
3572,1179,0,9,1181
708,487,18,35,481
706,555,25,32,556
179,1114,27,32,1110
1802,820,8,16,815
1043,550,23,26,543
301,559,12,14,555
763,803,9,18,797
2636,828,1,19,834
1980,457,5,9,456
1230,494,13,17,484
1141,1242,1,4,1233
2307,457,5,14,458
2556,504,23,32,502
3740,735,0,9,748
4177,1049,23,33,1048
2641,439,7,23,446
444,473,3,11,467
2762,1103,29,35,1104
1464,1218,0,9,1220
1671,599,0,6,591
1444,1182,25,31,1173
622,556,25,35,556
1136,1191,7,9,1189
2085,571,19,29,578
2262,1014,25,28,1011
992,1099,10,24,1098
1925,1228,31,35,1222
2081,1294,27,32,1296
3698,1003,14,25,1002
2311,1254,9,14,1251
2022,821,9,35,816
5,1298,11,15,1290
916,524,3,27,514
3460,501,22,27,506
1894,954,7,12,950
2979,1158,31,33,1164
1702,572,3,10,575
2121,1314,9,12,1310
1416,1128,10,24,1129
3951,703,5,9,701
4233,392,2,35,404
105,675,7,21,675
1558,509,0,6,499
471,525,10,22,526
2435,1089,13,19,1087
2145,771,1,5,772
829,1238,0,2,1232
3731,946,3,23,957
2870,512,16,18,520
1931,1204,23,28,1207
2037,504,3,14,501
2713,537,27,28,534
503,1089,13,16,1082
4208,1018,28,35,1019
210,438,29,35,436
3417,1294,9,10,1301
2014,719,3,7,713
2614,470,31,34,474
2418,477,4,35,473
3876,768,0,4,779
2398,976,20,26,983
2573,1101,31,34,1103
2028,518,19,21,517
3556,1060,3,23,1061
1020,451,2,13,453
224,467,5,15,466
745,1158,16,19,1157
2813,1220,1,6,1224
2050,1297,34,35,1295
4321,1126,16,17,1139
875,1071,16,28,1067
1475,504,3,10,498
3381,971,1,12,971
927,1011,27,30,1007
270,931,16,32,930
4281,396,5,21,404
3700,441,8,22,448
3953,1257,0,4,1257
312,612,5,9,600
2166,1203,14,18,1209
3970,713,22,23,718
3941,1186,5,9,1198
3896,520,0,9,523
3687,1135,2,5,1136
1851,579,19,22,576
529,454,10,22,451
2044,1046,0,1,1040
3115,934,29,35,939
3950,1228,6,18,1227
2229,837,21,24,833
3196,799,21,28,807
1777,554,21,27,545
2592,1282,3,5,1281
716,1165,25,30,1156
53,1093,16,19,1080
3301,1005,0,3,1015
3730,548,0,9,552
2463,1152,9,18,1149
1890,1018,22,26,1010
3549,680,0,11,686
1762,657,8,11,652
1156,996,20,29,992
3143,1138,9,21,1133
2303,1069,2,3,1073
1229,765,21,25,769
3363,489,25,26,492
2949,1021,1,35,1029
3939,520,12,24,523
1014,421,3,27,423
2249,1334,27,29,1328
922,1107,13,19,1098
216,533,25,29,525
1569,509,0,6,499
4012,510,6,7,524
851,1016,21,26,1007
116,427,35,35,420
2035,863,33,35,863
3184,463,3,5,461
116,427,35,35,420
1272,1130,5,8,1128
1279,516,5,14,515
1758,1277,23,26,1279
262,617,21,28,615
3087,1067,1,13,1074
1005,922,10,19,916
3130,649,3,4,656
3125,495,19,20,505
3019,1055,19,21,1059
2023,1038,13,17,1040
658,643,25,28,633
2212,1208,7,9,1209
1603,1179,34,35,1175
892,524,25,31,513
1903,685,11,14,681
194,1254,9,12,1245
3633,518,0,6,522
3423,727,8,24,731
2099,860,22,24,864
3459,509,19,27,506
729,688,6,21,678
746,1098,28,31,1097
967,729,27,35,725
2497,1111,29,35,1119
834,443,3,11,439
1882,750,4,5,752
684,830,3,8,826
1922,619,6,26,622
3098,518,19,26,521
3546,1302,3,8,1302
697,507,5,15,497
321,501,25,31,495
895,582,28,32,573
4115,1033,27,34,1034
3145,489,25,27,491
3484,1108,14,17,1107
812,634,2,6,635
434,987,16,18,976
2,1174,27,31,1170
3913,1005,0,6,1017
3026,802,8,27,806
527,1185,19,20,1187
2512,516,4,5,518
1561,469,0,4,471
741,1179,21,35,1172
1117,524,3,19,515
489,1191,30,32,1187
1828,436,12,19,442
3389,562,20,24,566
1391,622,8,20,620
3041,540,19,26,550
2072,1114,17,21,1116
3268,1079,25,27,1075
3736,1142,16,20,1152
1183,443,3,19,440
3617,1064,0,8,1062
3991,1051,2,24,1063
405,1023,25,30,1021
3080,1008,26,35,1014
338,1197,26,32,1186
1578,409,7,22,409
2536,1191,7,28,1193
1196,574,20,25,575
4099,1308,28,32,1318
2399,976,20,26,983
1274,803,9,21,800
2734,492,3,14,489
1609,1179,0,21,1175
855,1015,12,25,1007
2913,795,11,16,805
580,749,3,19,737
2713,537,27,28,534
1729,384,0,9,375
3049,530,31,34,535
2604,1187,23,24,1194
1924,951,12,25,950
878,822,10,19,812
2294,708,30,34,713
2243,484,32,35,487
3426,568,6,11,566
3388,1113,3,6,1120
4025,1135,24,30,1138
4126,523,8,15,524
1367,729,3,8,726
1990,497,28,34,500
3641,844,0,9,851
4110,1046,31,32,1048
2859,951,12,21,953
1256,970,28,30,964
626,507,14,15,496
1830,992,29,31,996
1201,1112,25,30,1113
4113,1168,31,34,1168
3185,420,21,27,429
3631,568,0,9,567
902,515,25,35,514
3503,1238,0,3,1241
2370,495,19,28,502
1084,1189,6,9,1188
3169,982,23,29,985
1055,978,6,15,979
3040,1093,22,27,1089
1530,1072,4,22,1069
2663,662,11,14,670
2574,548,18,19,548
3848,975,9,14,988
3003,500,8,22,504
202,1014,9,16,1005
1443,978,33,35,980
106,579,6,20,570
1283,552,3,18,544
3120,854,16,35,850
2223,459,6,8,458
1517,1204,4,24,1206
3029,1029,11,16,1029
3058,762,18,24,756
4216,422,8,21,433
981,852,32,35,843
2679,725,18,22,730
3445,1023,3,5,1031
3244,463,3,9,461
1218,500,14,29,498
232,1189,31,35,1185
3732,509,0,6,508
3053,533,19,22,535
1464,1218,0,9,1220
2530,1136,8,24,1132
37,743,27,32,735
1631,1002,7,9,995
2023,1038,13,17,1040
826,816,6,20,811
2689,631,11,14,641
2667,470,6,26,474
2990,982,9,16,984
2899,517,22,32,520
1088,449,16,31,439
4340,1300,12,16,1304
1485,543,3,5,545
3684,898,3,9,898
4327,1043,21,29,1049
784,976,25,32,977
2403,1044,5,21,1042
2990,982,9,16,984
3238,503,23,35,505
2374,453,10,24,458
1614,992,3,9,995
4095,712,22,28,718
1396,1005,0,11,1008
3443,877,21,28,877
3100,443,25,27,447
1730,384,0,12,380
3764,1090,0,6,1092
1355,1014,9,21,1008
3166,1098,5,9,1106
3660,1132,0,9,1135
1209,672,6,12,665
785,989,8,12,977
2734,492,3,14,489
1325,1111,1,25,1114
3034,639,6,21,641
2386,466,26,28,473
2566,519,6,14,519
2414,669,32,35,668
2571,666,17,31,669
3744,1107,0,24,1108
216,533,25,29,525
4202,873,29,33,884
2444,447,22,25,445
4243,509,0,2,509
2259,942,22,26,936
838,596,11,27,586
1368,1042,4,8,1038
1681,1209,24,25,1206
3793,905,0,6,914
3780,1063,9,15,1062
1750,1065,0,4,1071
1294,1021,9,25,1024
4234,603,3,6,613
2006,912,25,33,906
2163,1081,14,19,1086
4142,1119,32,35,1124
3742,1123,2,13,1122
2326,1133,6,8,1132
1302,474,19,26,469
4143,1315,20,22,1319
2636,828,1,19,834
2278,433,21,35,427
3148,573,9,11,581
617,974,27,35,961
3111,559,12,29,565
3907,509,0,3,508
1575,826,0,5,831
4247,659,10,13,659
1998,1291,6,9,1295
493,924,16,19,915
3234,436,15,32,447
1171,1098,26,29,1098
684,830,3,8,826
3227,978,0,6,985
946,524,25,26,514
3890,489,11,19,493
4308,450,7,20,464
3356,897,1,2,896
3305,927,30,35,925
3521,959,0,6,957
3593,622,2,9,628
2074,443,25,35,443
2141,802,22,26,802
3824,1046,0,9,1047
3554,1005,0,9,1016
2151,1054,34,35,1057
2046,1177,19,26,1177
1488,476,18,25,470
427,630,19,31,632
2759,1039,2,5,1042
3630,568,0,9,567
458,996,5,21,990
2537,1105,20,26,1103
989,874,8,22,872
3467,1131,21,34,1134
587,1164,12,14,1156
4324,480,12,16,494
865,1135,12,13,1127
915,524,3,27,514
1785,532,19,21,530
3222,478,21,22,477
413,1170,30,35,1171
1563,826,0,5,830
285,676,8,16,676
3439,977,10,25,986
1006,939,21,34,934
488,518,19,22,512
3350,1189,6,25,1197
363,1072,5,9,1066
2510,1089,7,16,1087
3748,1144,26,33,1153
3410,616,32,35,627
2171,499,0,6,501
3647,518,0,3,522
1084,1189,6,9,1188
2005,545,11,21,547
2390,922,5,19,922
1936,620,13,21,623
1693,913,0,24,904
304,443,3,5,436
622,556,25,35,556
3291,677,22,35,685
2737,1359,21,23,1360
2052,1076,0,3,1072
1620,1135,12,16,1130
3554,1005,0,9,1016
3867,942,15,24,944
1958,796,4,21,802
1020,451,2,13,453
560,1219,12,25,1217
167,618,31,35,615
2604,1187,23,24,1194
466,439,19,35,437
3533,1120,0,2,1121
3897,1028,14,16,1033
2357,1261,3,5,1269
1052,1098,26,28,1098
364,488,6,10,481
1136,1191,7,9,1189
3715,509,0,10,507
2837,1071,16,19,1074
3098,518,19,26,521
796,894,6,8,887
3490,1115,25,31,1121
596,539,8,16,526
513,727,8,16,723
1841,857,30,35,861
4025,1135,24,30,1138
3966,1355,19,26,1363
2765,1053,3,7,1058
2176,437,7,11,444
569,659,9,16,648
75,817,19,21,810
2799,517,18,27,519
1678,1060,3,5,1055
63,446,4,19,435
3162,1069,3,9,1075
1591,479,0,5,471
2733,1157,8,18,1163
657,1329,31,33,1320
2560,555,9,14,562
3936,1197,0,3,1198
848,1327,22,32,1322
2656,749,3,8,745
1290,533,19,25,529
1167,587,18,27,588
1353,1011,19,26,1008
1404,408,6,22,409
3859,1064,0,4,1063
1473,895,0,6,889
3988,461,28,30,462
2744,1143,5,25,1150
3507,1199,0,9,1197
3783,1120,0,3,1122
733,531,13,15,527
648,639,31,35,633
2022,821,9,35,816
2914,511,23,32,520
3221,643,20,21,642
2634,921,27,30,922
3712,983,3,24,987
3049,530,31,34,535
4305,1169,26,30,1169
581,507,27,35,496
2875,936,19,25,939
1262,1036,0,2,1038
3974,1113,3,4,1123
3840,1064,0,3,1063
352,930,26,30,930
818,796,12,18,798
1122,1085,18,35,1084
1102,1302,25,32,1293
39,471,2,6,465
4041,993,9,24,1003
1089,517,16,21,514
1591,479,0,5,471
2344,1146,6,28,1149
316,1057,5,18,1050
3869,790,0,6,791
3983,567,15,16,568
1839,539,12,19,530
624,1110,27,28,1111
3066,517,22,26,521
900,602,11,25,602
1526,504,3,5,499
2466,534,5,10,533
3470,1123,9,13,1120
1573,1131,12,18,1130
1451,1053,3,5,1054
2293,573,9,16,578
3245,992,3,7,1000
2376,1110,27,29,1117
4289,1015,12,17,1019
3875,1011,7,14,1017
4158,1228,6,21,1228
2640,1204,4,7,1211
1797,563,12,17,559
2006,912,25,33,906
2886,1089,7,19,1089
1445,1173,13,23,1173
906,546,22,35,542
2218,428,16,24,426
4234,603,3,6,613
3837,978,0,6,988
4091,466,10,16,478
3830,548,0,6,553
33,1104,20,28,1095
2661,1334,9,22,1329
2348,525,18,24,532
467,1194,9,19,1186
1771,768,27,29,771
3651,1046,0,2,1046
961,1251,28,32,1247
3190,672,18,35,671
190,430,13,18,420
3523,1069,3,6,1076
360,1008,26,34,1006
1285,521,23,31,516
2296,1038,1,6,1041
973,541,1,6,543
3495,1227,11,15,1226
1633,509,0,4,500
2721,509,11,17,503
3987,509,25,35,508
100,1123,9,13,1110
1992,590,26,27,593
2047,490,2,19,486
1538,1118,23,29,1114
3219,583,3,9,582
1815,777,27,28,771
655,1118,6,16,1112
2886,1089,7,19,1089
2316,510,31,35,518
1965,636,22,26,639
2776,1264,21,28,1272
4207,1138,27,32,1139
2418,477,4,35,473
1063,491,22,26,483
2806,485,4,22,490
1988,1018,22,26,1011
3004,564,3,16,564
4009,866,3,4,868
1234,1150,19,30,1143
3240,552,3,5,551
1151,480,18,35,484
2495,462,7,23,459
973,541,1,6,543
2124,1101,19,26,1102
2882,743,12,33,746
193,1254,9,12,1245
1969,738,16,19,742
693,1147,2,8,1142
699,461,29,32,452
2296,1038,1,6,1041
2045,1177,19,26,1177
1861,1071,33,34,1071
3415,1001,18,31,1001
987,1321,4,6,1323
2804,489,11,22,489
3953,1257,0,4,1257
3783,1120,0,3,1122
3793,905,0,6,914
3912,1282,3,9,1287
1794,1166,14,24,1160
4332,531,30,32,539
2897,1087,24,35,1089
1708,1107,0,6,1100
730,500,16,31,497
3371,921,22,28,926
2695,1118,6,14,1119
1375,447,12,17,441
2497,1111,29,35,1119
2649,754,12,20,754
3534,599,0,24,598
3881,1015,12,16,1017
4148,828,11,21,838
4073,830,3,9,838
1193,466,26,35,469
3435,1092,19,20,1091
2331,1151,5,6,1148
3445,1023,3,5,1031
3905,1019,0,9,1017
1933,443,10,14,443
2990,982,9,16,984
2812,739,3,18,745
1641,1123,2,21,1114
1929,458,12,19,456
1661,1144,10,24,1146
4289,1015,12,17,1019
1635,1017,0,2,1009
2695,1118,6,14,1119
974,506,17,21,497
3434,449,23,35,448
758,1003,23,33,991
2764,1053,3,7,1058
3992,471,7,22,477
3859,1064,0,4,1063
995,1086,6,23,1083
2303,1069,2,3,1073
2216,1191,30,35,1190
2431,1220,13,16,1223
3337,631,25,29,642
4284,1061,12,18,1064
4054,672,6,25,673
3087,1067,1,13,1074
1516,888,3,6,890
3860,663,12,15,673
871,921,27,35,916
1492,830,3,9,830
841,449,23,28,439
3175,551,13,25,551
2221,1168,6,20,1161
3698,1003,14,25,1002
3712,983,3,24,987
2093,488,21,27,487
3279,466,17,28,477
811,780,8,15,780
324,805,19,21,795
1379,525,18,24,529
3895,844,0,9,852
1264,537,15,19,528
3349,1015,12,16,1015
4292,844,24,25,853
2271,934,28,32,936
2351,1101,6,16,1103
2995,540,19,32,550
1583,518,0,6,516
3873,761,4,9,763
2039,855,6,8,864
3172,483,32,35,491
1952,990,28,30,997
2641,439,7,23,446
515,501,22,26,496
4057,462,23,35,463
2976,1189,6,7,1196
879,957,23,29,948
852,956,18,22,947
2427,1118,23,26,1118
211,1079,20,21,1065
451,1158,16,19,1155
4031,1049,8,12,1048
2117,890,27,32,893
1167,587,18,27,588
3281,517,16,25,521
2306,470,12,23,473
2951,502,19,35,504
1393,543,3,5,545
2620,952,14,23,952
379,439,19,35,437
3490,1115,25,31,1121
785,989,8,12,977
3502,911,3,6,911
4224,1093,9,18,1094
4296,849,18,21,854
1968,1115,11,15,1115
2950,556,14,20,564
3586,417,0,28,418
1961,580,29,33,577
2428,1255,10,18,1252
2659,713,22,26,715
1431,1053,3,31,1053
1652,963,3,9,967
1655,1113,17,27,1115
834,443,3,11,439
758,1003,23,33,991
1919,621,13,18,622
2414,669,32,35,668
1171,1098,26,29,1098
4343,719,3,4,719
3777,662,0,9,672
1549,586,0,9,591
3629,1080,3,9,1092
3939,520,12,24,523
2993,1044,25,32,1043
464,1290,7,21,1292
3164,626,5,33,626
2344,1146,6,28,1149
2840,469,25,31,475
915,524,3,27,514
2026,526,0,3,531
313,1113,7,9,1110
3207,1038,1,5,1043
2591,481,2,24,489
3075,1128,19,33,1133
4195,1152,27,35,1154
1674,625,3,4,620
1616,1125,3,26,1130
2950,556,14,20,564
1051,1132,3,4,1128
3723,1164,12,24,1166
3626,1245,15,21,1256
506,509,29,30,496
3492,1138,9,13,1135
460,820,21,27,811
2433,691,8,21,697
2566,519,6,14,519
165,477,21,28,465
229,443,25,28,436
3572,1179,0,9,1181
4234,603,3,6,613
3699,1115,12,19,1121
3601,713,34,35,717
4253,696,0,11,704
1109,1071,9,13,1069
2432,691,8,21,696
365,1090,14,18,1081
396,500,14,26,496
1221,1204,14,21,1205
1478,1167,11,19,1159
323,428,6,20,420
1254,539,22,27,528
3541,1074,0,21,1076
4076,749,27,35,749
3,391,1,5,390
2856,487,34,35,490
240,873,7,8,870
3220,643,20,21,642
3750,1087,12,15,1092
4247,659,10,13,659
418,1105,9,25,1096
1546,1094,3,5,1085
1812,624,16,18,621
2913,795,11,16,805
174,1007,34,35,1005
2143,765,31,35,772
365,1090,14,18,1081
4331,606,5,9,614
3369,483,7,21,492
3800,811,3,9,824
3282,543,10,14,551
286,1031,12,14,1020
700,721,4,25,725
1562,825,0,6,830
1189,839,9,15,828
2094,473,8,15,472
893,568,6,10,557
3864,861,0,7,867
3961,1197,0,8,1198
408,522,14,21,511
1523,988,0,6,980
4282,1075,7,10,1079
3567,1064,0,4,1061
4298,1133,6,18,1139
2159,1257,0,31,1250
1739,1161,11,24,1160
1014,421,3,27,423
1007,951,12,25,948
2406,1275,11,18,1281
3972,684,3,5,688
1199,441,8,21,440
3033,515,25,31,521
35,562,20,25,555
1058,1049,8,19,1037
3529,1120,0,4,1121
427,630,19,31,632
3129,1161,15,19,1164
1598,1135,2,13,1130
3166,1098,5,9,1106
279,898,3,6,886
3957,483,23,31,493
3245,992,3,7,1000
3415,1001,18,31,1001
838,596,11,27,586
2757,497,24,31,503
627,1163,3,6,1156
724,480,14,17,482
1870,566,25,33,559
3624,1161,11,17,1166
3310,1082,10,18,1091
1401,410,16,18,408
1816,553,29,33,545
2764,1053,3,7,1058
1074,960,12,16,963
2865,913,12,21,908
1255,593,25,29,589
2294,708,30,34,713
225,820,8,19,810
2471,1179,24,34,1178
507,1325,33,35,1320
818,796,12,18,798
1842,897,1,2,891
3209,598,16,23,597
1281,502,19,20,498
3975,455,21,29,462
3219,583,3,9,582
3728,1107,0,9,1107
1512,523,3,4,516
1487,1048,0,6,1039
4142,1119,32,35,1124
2527,969,6,23,969
1741,978,33,35,981
1135,1123,9,20,1113
3040,1093,22,27,1089
3240,552,3,5,551
1849,903,11,24,905
564,577,26,27,571
1084,1189,6,9,1188
302,448,0,5,436
3155,1138,9,16,1134
2834,1191,25,28,1195
1511,747,8,9,741
4241,600,27,29,613
2482,1018,0,25,1012
2128,1188,21,26,1190
1659,664,13,16,666
4073,830,3,9,838
1649,965,14,18,966
3263,1323,1,24,1332
1785,532,19,21,530
3837,978,0,6,988
2089,1113,3,9,1116
3696,1251,29,33,1257
2687,515,20,26,519
1091,652,5,19,649
2313,1083,13,23,1086
4269,1123,15,22,1124
3435,1092,19,20,1091
784,976,25,32,977
1595,915,6,7,919
2818,539,22,26,534
928,826,13,20,827
4293,844,24,25,854
755,719,3,12,706
3634,687,32,35,686
314,548,16,25,541
2155,530,3,19,531
1995,549,19,31,546
2164,945,18,31,951
1340,451,19,26,455
2180,976,25,32,981
2142,1113,3,5,1116
14,1079,16,19,1065
1012,1051,1,6,1052
3046,696,0,29,699
1195,1357,21,29,1355
2430,1220,13,16,1223
1638,892,0,9,890
1152,477,26,28,468
3008,1334,9,20,1331
528,524,25,30,512
4145,1170,7,9,1183
940,708,7,14,707
2393,989,25,32,982
121,1300,12,35,1291
2066,514,8,13,518
3056,470,18,25,476
2226,976,25,32,982
3580,509,0,11,507
3210,468,0,9,476
2506,1334,9,19,1328
4265,495,19,31,509
2419,482,19,26,488
3713,768,0,6,778
504,648,27,28,646
2815,435,4,7,446
662,491,22,26,481
1905,1334,9,25,1326
1690,958,0,6,949
1881,477,4,14,471
2221,1168,6,20,1161
2200,1039,2,21,1041
1614,992,3,9,995
1820,1236,11,12,1236
14,1079,16,19,1065
2981,690,7,8,698
3723,1164,12,24,1166
51,1048,0,3,1035
2901,605,26,32,609
3523,1069,3,6,1076
2053,1054,10,18,1056
3351,1059,3,19,1060
3596,567,0,9,567
548,745,6,19,737
2423,1164,12,16,1162
3815,1120,0,3,1122
282,1228,6,12,1215
2661,1334,9,22,1329
123,754,6,25,750
3199,1025,12,19,1031
3010,1298,35,35,1298
1572,1183,3,9,1175
278,1174,27,30,1170
300,501,25,34,495
1782,1149,7,8,1147
1487,1048,0,6,1039
4314,1086,19,33,1094
1590,518,0,6,516
494,1053,3,6,1051
3334,1053,3,9,1059
3692,1054,10,21,1062
3623,795,12,20,807
3183,517,16,28,521
527,1185,19,20,1187
1620,1135,12,16,1130
1088,449,16,31,439
381,648,9,10,646
637,1233,22,26,1231
3557,1060,3,23,1061
2515,468,25,35,474
1243,643,20,26,636
3071,1170,20,22,1180
3333,1294,9,16,1300
1073,1037,19,26,1038
1243,643,20,26,636
3118,483,3,6,491
823,1098,13,14,1097
4325,1133,6,15,1139
320,983,3,7,975
1902,1102,23,30,1101
3332,1294,9,16,1300
3348,663,12,18,671
1798,582,23,28,575
1452,473,3,19,470
3033,515,25,31,521
1012,1051,1,6,1052
1522,988,0,6,980
3722,1139,23,27,1136
1210,518,19,20,515
1376,708,7,11,710
1854,654,15,17,652
3674,958,0,3,957
4165,875,17,23,883
102,443,16,20,435
1733,437,0,27,442
2591,481,2,24,489
2928,1300,24,28,1297
944,494,23,32,483
3770,1035,0,3,1046
1730,384,0,12,380
2930,1148,11,25,1150
2385,455,4,22,458
2984,537,15,19,535
2367,852,29,35,847
1070,1071,9,14,1068
732,438,29,34,438
2327,1159,9,13,1161
1180,491,22,35,484
2422,768,0,6,774
2009,1072,5,32,1072
2585,1072,5,22,1073
1288,1105,20,26,1099
1037,902,25,32,903
4344,986,25,27,989
1148,990,2,19,992
210,438,29,35,436
3889,539,0,8,538
2037,504,3,14,501
1076,771,9,21,768
2967,1093,9,18,1089
432,1110,1,3,1111
3925,479,0,27,477
3570,1064,0,9,1061
240,873,7,8,870
3010,1298,35,35,1298
889,1315,9,31,1307
1356,551,18,21,544
3711,1297,0,3,1303
2985,522,21,32,521
2781,1158,18,20,1163
606,913,12,13,901
2013,719,3,7,713
4083,443,3,6,448
3918,684,3,9,687
545,510,23,30,512
2164,945,18,31,951
3069,507,5,14,505
3505,1137,3,9,1135
1139,739,3,6,740
3281,517,16,25,521
249,666,17,18,661
3865,861,0,7,868
785,989,8,12,977
3529,1120,0,4,1121
240,873,7,8,870
2470,1154,20,21,1149
1890,1018,22,26,1010
4194,435,33,35,449
2163,1081,14,19,1086
200,980,11,13,975
3984,1018,0,25,1018
1346,1004,21,29,993
880,635,3,4,635
3642,1035,0,9,1046
2497,1111,29,35,1119
3508,969,0,12,971
2512,516,4,5,518
1083,1189,6,9,1188
2490,590,16,21,594
2713,537,27,28,534
3180,609,34,35,609
2046,1177,19,26,1177
2727,451,19,27,459
806,957,29,33,947
2878,493,19,25,490
4217,1206,23,26,1214
3245,992,3,7,1000
989,874,8,22,872
2057,522,7,20,517
911,999,11,12,991
2488,1314,9,12,1313
2005,545,11,21,547
3196,799,21,28,807
1198,968,28,32,963
3939,520,12,24,523
1412,1120,0,6,1114
2493,622,2,19,625
4328,996,26,35,1004
248,666,17,18,661
2323,1189,6,21,1191
4247,659,10,13,659
18,1222,3,18,1215
4257,1130,32,35,1139
2485,913,32,35,907
3402,1064,5,8,1060
566,1121,8,16,1111
3361,451,24,32,462
455,1029,25,30,1021
1808,458,19,22,456
2627,1103,8,9,1104
2605,527,5,21,534
3870,423,9,17,432
2379,1006,32,35,1012
739,517,19,22,513
135,1201,12,16,1200
3706,1168,31,34,1166
4023,542,1,5,553
358,465,10,25,466
3534,599,0,24,598
1620,1135,12,16,1130
2620,952,14,23,952
1305,401,1,7,394
1601,487,0,5,485
879,957,23,29,948
2660,1061,22,26,1058
4242,461,1,5,464
1537,518,0,3,516
221,1146,6,9,1141
3966,1355,19,26,1363
3560,1075,0,10,1077
3377,1093,1,4,1091
3341,423,22,28,430
1506,969,28,32,966
3502,911,3,6,911
3467,1131,21,34,1134
3005,897,1,2,895
2876,548,0,6,549
514,1121,8,14,1111
1468,478,0,25,470
1325,1111,1,25,1114
2276,1142,12,16,1148
4123,473,3,34,478
2047,490,2,19,486
2794,1023,3,8,1028
2021,946,13,17,951
623,909,2,5,901
3502,911,3,6,911
1737,1061,12,21,1055
3827,1090,0,16,1093
1508,1152,9,25,1145
106,579,6,20,570
3067,901,10,19,909
921,481,12,19,482
2302,1010,6,14,1011
3131,1254,27,31,1255
2787,539,8,25,534
3023,1247,5,24,1254
3120,854,16,35,850
2322,545,22,26,547
2999,829,2,14,835
952,1069,3,5,1067
1759,1035,0,9,1039
3883,1125,3,9,1137
1063,491,22,26,483
1386,463,3,4,455
1825,616,27,28,621
1234,1150,19,30,1143
1311,541,1,4,544
2329,917,30,35,921
361,524,3,4,511
4314,1086,19,33,1094
3451,935,19,30,941
2177,765,15,24,773
2696,1318,24,28,1314
318,441,28,35,436
4163,617,5,15,629
1475,504,3,10,498
3283,534,19,21,536
3560,1075,0,10,1077
2626,1233,9,16,1238
1091,652,5,19,649
4052,924,23,34,929
1283,552,3,18,544
590,638,5,18,633
3836,1064,0,3,1063
1118,1133,0,33,1128
972,1123,27,31,1112
3754,1135,12,16,1136
274,517,22,26,510
357,859,4,7,855
481,640,31,34,632
3860,663,12,15,673
2622,1013,11,23,1012
3721,972,3,4,972
2252,1206,6,21,1210
4300,1115,12,16,1124
2430,1220,13,16,1223
1509,1053,3,4,1054
1759,1035,0,9,1039
808,844,12,19,843
3788,883,0,6,881
4287,498,0,4,509
3396,534,5,28,537
4184,574,16,26,584
632,942,26,27,932
3269,1071,9,25,1075
927,1011,27,30,1007
3428,497,11,15,506
2550,1031,21,27,1027
1688,487,0,5,485
1259,443,18,34,440
3002,530,27,29,535
2077,1002,3,9,997
3782,734,0,23,732
2752,483,3,9,489
1378,572,3,5,575
728,1160,23,33,1157
2411,1121,8,16,1118
1705,410,8,11,410
3822,1144,0,6,1153
2528,691,8,19,697
3598,1074,0,7,1077
1820,1236,11,12,1236
2579,539,22,27,533
1726,459,0,5,456
3431,1093,9,14,1091
1281,502,19,20,498
3496,543,3,30,552
1957,897,1,2,891
1575,826,0,5,831
2193,1287,31,35,1280
1164,809,22,33,799
2520,854,29,33,849
1068,1049,8,19,1037
4280,529,12,25,539
324,805,19,21,795
615,1148,3,19,1141
4120,623,9,12,629
4106,966,33,34,974
2667,470,6,26,474
3764,1090,0,6,1092
3784,754,0,9,762
310,633,16,18,631
2051,472,7,25,472
2525,493,16,35,488
306,765,31,34,766
2537,1105,20,26,1103
4131,579,31,35,584
2112,613,3,9,606
3605,539,34,35,538
1136,1191,7,9,1189
2818,539,22,26,534
2667,470,6,26,474
3850,696,0,5,701
2625,1061,30,34,1057
510,851,4,16,841
889,1315,9,31,1307
4148,828,11,21,838
169,729,28,32,720
2833,523,22,28,520
2886,1089,7,19,1089
2388,1111,2,5,1117
4005,1180,21,35,1183
4183,551,2,23,554
161,504,3,13,495
3926,1148,11,25,1154
665,634,20,23,633
3275,553,33,35,551
3667,1296,0,3,1302
2611,1093,20,35,1087
340,1355,19,26,1351
3210,468,0,9,476
3248,534,19,25,536
1496,1219,24,25,1221
3055,1064,0,6,1059
870,540,8,22,542
3655,1105,9,18,1107
228,443,25,28,436
1675,498,0,3,500
254,508,0,4,495
3797,434,21,28,431
1159,579,27,32,574
4019,517,16,25,524
2775,1101,19,22,1104
2627,1103,8,9,1104
2618,571,1,9,580
89,729,27,34,720
2831,439,23,31,446
1890,1018,22,26,1010
2080,874,8,19,874
2629,1064,15,21,1058
1859,623,3,27,621
4055,556,14,19,569
3826,1107,0,6,1108
3108,1086,6,22,1090
1526,504,3,5,499
4011,483,3,6,493
1807,873,30,35,874
1237,1135,14,15,1128
2550,1031,21,27,1027
132,874,8,18,870
1695,1125,3,18,1130
200,980,11,13,975
3461,571,1,5,583
4334,724,6,25,734
851,1016,21,26,1007
3335,558,19,26,565
3359,758,20,22,758
4203,1089,25,30,1094
202,1014,9,16,1005
1529,719,3,9,710
1744,1119,0,4,1115
413,1170,30,35,1171
465,1290,7,21,1292
3628,1015,12,18,1016
4150,893,29,31,899
929,1337,11,12,1337
3015,754,19,22,756
1525,586,11,13,591
161,504,3,13,495
414,510,28,32,511
1426,1047,14,25,1038
162,516,29,33,510
3047,769,8,9,776
2868,599,0,9,596
3273,1200,11,18,1212
3559,1075,0,3,1076
4055,556,14,19,569
3264,582,29,33,582
2723,1032,21,26,1027
1999,551,13,23,546
1452,473,3,19,470
2790,491,22,27,489
838,596,11,27,586
4037,405,12,19,419
2881,743,12,14,745
365,1090,14,18,1081
1235,879,22,25,872
1000,1272,9,16,1262
1565,1005,0,5,1009
3640,1080,12,21,1092
1092,481,12,25,483
2184,510,15,23,518
1057,483,3,4,483
752,1090,7,25,1083
2425,1194,9,18,1192
1606,713,0,9,710
1299,1305,5,13,1308
1892,1098,23,26,1101
2306,470,12,23,473
2082,1089,7,28,1085
1606,713,0,9,710
1875,605,10,12,605
3507,1199,0,9,1197
2027,758,20,23,753
3421,490,1,16,492
1465,478,0,18,470
3390,498,21,27,506
4221,1168,6,12,1168
226,443,18,32,436
357,859,4,7,855
3733,509,0,6,508
3366,1097,28,32,1106
1467,436,0,6,441
2323,1189,6,21,1191
2659,713,22,26,715
1296,587,18,20,589
3713,768,0,6,778
4069,1161,11,17,1168
3321,527,23,28,537
3754,1135,12,16,1136
2739,756,25,32,755
3077,916,23,35,924
3068,868,16,25,866
2438,569,23,33,561
1383,482,19,27,485
52,1293,31,33,1290
4183,551,2,23,554
1230,494,13,17,484
2603,1187,23,24,1194
503,1089,13,16,1082
3073,851,17,21,850
3118,483,3,6,491
1750,1065,0,4,1071
4168,1255,23,26,1258
4340,1300,12,16,1304
1219,939,6,25,934
3051,890,18,27,895
2799,517,18,27,519
2387,527,23,27,532
2231,1186,5,20,1190
958,547,5,21,543
4027,1022,11,22,1034
2050,1297,34,35,1295
2419,482,19,26,488
1460,826,0,19,829
2510,1089,7,16,1087
136,1201,12,16,1200
4080,634,21,24,643
34,1105,20,28,1095
1715,1265,5,18,1266
4176,1093,27,35,1094
1623,1277,0,1,1278
134,711,9,12,705
106,579,6,20,570
3051,890,18,27,895
925,966,21,24,963
3189,933,3,33,939
995,1086,6,23,1083
905,1069,3,21,1067
3242,498,0,23,505
3901,730,3,4,733
3795,983,3,9,987
3656,1048,0,2,1046
540,441,19,28,437
3881,1015,12,16,1017
3447,1005,9,25,1015
1146,571,29,35,574
1394,757,21,35,752
2906,1191,22,26,1195
889,1315,9,31,1307
708,487,18,35,481
857,1331,19,24,1322
4194,435,33,35,449
4027,1022,11,22,1034
3260,493,16,20,491
207,631,11,13,630
3389,562,20,24,566
164,1021,1,27,1020
1584,1299,24,30,1294
85,550,23,26,540
991,851,22,32,844
4266,481,2,6,494
2621,762,18,25,754
3631,568,0,9,567
1000,1272,9,16,1262
1969,738,16,19,742
2372,756,11,16,754
11,1103,12,20,1095
1817,432,3,28,425
4261,410,18,34,419
1609,1179,0,21,1175
210,438,29,35,436
2855,462,2,5,459
4181,1184,4,22,1184
987,1321,4,6,1323
2410,455,11,16,458
4252,476,26,35,479
3183,517,16,28,521
2693,543,3,5,549
986,439,19,35,439
1532,396,5,22,395
1056,1014,27,35,1007
1523,988,0,6,980
705,1153,13,24,1142
706,555,25,32,556
3304,804,10,21,807
360,1008,26,34,1006
2804,489,11,22,489
2795,470,18,20,475
402,1044,25,34,1036
4232,500,16,21,509
2379,1006,32,35,1012
416,743,27,28,736
4128,832,5,18,838
275,452,8,32,450
4217,1206,23,26,1214
1650,416,12,22,410
1992,590,26,27,593
2041,1093,22,35,1085
573,1108,22,30,1097
661,579,6,13,572
1957,897,1,2,891
3014,650,19,24,656
752,1090,7,25,1083
29,542,1,2,540
1465,478,0,18,470
2996,524,3,5,521
1248,652,5,24,650
4061,1008,13,15,1018
859,513,30,35,513
3396,534,5,28,537
2233,636,11,21,640
355,470,6,10,466
2881,743,12,14,745
925,966,21,24,963
3717,1114,15,22,1122
4343,719,3,4,719
74,817,19,25,810
3187,480,22,24,491
2612,1093,20,35,1087
4025,1135,24,30,1138
572,859,14,28,857
1037,902,25,32,903
3416,1294,9,10,1301
2025,1060,7,16,1056
3086,728,1,13,730
3224,1275,0,1,1285
3889,539,0,8,538
4154,659,9,19,658
1249,567,17,27,557
3503,1238,0,3,1241
1795,1274,22,25,1267
717,1041,20,33,1037
3846,897,1,6,898
2630,1064,15,21,1058
2348,525,18,24,532
1542,1300,24,25,1294
2008,1100,6,10,1101
3772,1048,0,3,1047
1938,747,1,9,741
4230,1201,12,19,1214
3961,1197,0,8,1198
1912,473,3,8,471
4328,996,26,35,1004
1608,509,0,5,500
515,501,22,26,496
803,994,4,20,991
4051,600,9,25,613
2943,1299,24,28,1298
2090,1149,16,19,1148
470,1146,6,9,1141
871,921,27,35,916
3571,1049,0,3,1045
960,532,13,27,528
2362,1113,3,5,1117
348,838,8,9,826
1677,913,0,9,904
119,437,0,4,435
4070,1116,5,13,1123
3076,1025,12,25,1029
3144,1191,22,27,1196
1093,1001,12,26,992
2283,1126,18,24,1131
2221,1168,6,20,1161
1691,1135,2,9,1130
2027,758,20,23,753
3811,1135,2,8,1137
1138,919,8,24,917
3403,540,28,32,552
1589,1154,13,21,1146
1835,541,14,21,546
980,488,16,17,483
1531,1112,11,22,1114
2398,976,20,26,983
614,1064,0,19,1052
3352,1059,3,19,1060
4117,983,9,19,989
4208,1018,28,35,1019
3519,1074,0,21,1076
1169,717,13,16,708
2441,1191,7,23,1192
928,826,13,20,827
770,917,30,34,916
1019,1069,3,21,1068
1909,623,3,7,622
3654,1105,9,18,1107
1675,498,0,3,500
4313,545,25,31,554
1703,1063,9,18,1055
965,1098,29,33,1098
1711,1074,0,6,1070
354,652,5,9,646
3159,532,25,31,536
548,745,6,19,737
1976,578,18,22,577
3466,563,22,28,566
3136,1063,9,20,1059
3102,483,7,21,491
3233,649,3,7,657
1484,548,0,6,545
923,1088,12,16,1083
3258,1164,16,21,1165
1831,776,32,35,772
4265,495,19,31,509
617,974,27,35,961
3721,972,3,4,972
2228,483,32,35,487
2560,555,9,14,562
4201,482,29,33,494
1303,451,24,32,454
594,401,9,16,391
1014,421,3,27,423
1474,1179,34,35,1174
2315,1314,9,16,1312
1454,1231,21,27,1235
2568,509,25,35,502
3273,1200,11,18,1212
1254,539,22,27,528
479,854,19,21,840
3168,1123,9,17,1120
3398,816,25,28,823
3788,883,0,6,881
3678,713,0,9,717
2023,1038,13,17,1040
909,542,1,9,543
3155,1138,9,16,1134
2841,587,19,20,596
1509,1053,3,4,1054
2679,725,18,22,730
113,1152,27,34,1140
392,1111,28,32,1111
1139,739,3,6,740
2861,1282,3,5,1282
710,594,6,14,586
3193,1293,21,26,1300
2218,428,16,24,426
478,1013,11,18,1006
2689,631,11,14,641
473,943,8,18,931
3422,452,3,5,462
1943,539,0,4,530
2641,439,7,23,446
3927,609,0,14,612
949,493,16,24,483
2453,598,23,28,594
4146,1170,7,9,1183
3539,713,0,9,716
1064,1152,9,21,1143
1527,1149,16,21,1145
3196,799,21,28,807
2718,946,7,9,953
2339,1044,25,28,1042
1761,447,14,21,442
324,805,19,21,795
715,1165,25,30,1156
3402,1064,5,8,1060
1556,509,0,3,499
778,638,7,11,634
1894,954,7,12,950
2551,427,0,4,428
310,633,16,18,631
2807,513,3,5,520
785,989,8,12,977
3646,1145,15,21,1152
3836,1064,0,3,1063
2735,1137,3,6,1133
544,738,30,35,737
1398,479,0,3,469
466,439,19,35,437
3731,946,3,23,957
3837,978,0,6,988
3927,609,0,14,612
1099,700,3,9,692
2474,499,7,9,502
3560,1075,0,10,1077
4073,830,3,9,838
3584,416,0,28,417
3466,563,22,28,566
4057,462,23,35,463
2576,1161,25,35,1162
4110,1046,31,32,1048
1023,598,8,19,587
1980,457,5,9,456
1636,1018,0,4,1009
476,859,21,27,857
2965,516,32,35,520
2272,578,16,21,578
2414,669,32,35,668
358,465,10,25,466
3089,1164,12,16,1164
797,897,22,26,888
1933,443,10,14,443
3960,1335,10,32,1347
3072,599,19,21,597
3913,1005,0,6,1017
1956,587,25,27,593
624,1110,27,28,1111
283,530,3,8,525
1367,729,3,8,726
4026,546,22,35,553
3440,977,10,26,986
3548,603,3,6,611
1119,867,4,20,859
1290,533,19,25,529
176,1203,22,34,1201
604,672,27,32,663
1039,450,29,33,453
3287,1187,13,16,1197
3984,1018,0,25,1018
3612,894,0,9,897
2683,1075,30,32,1074
2113,952,14,16,951
394,517,22,25,511
1479,1005,9,12,1008
506,509,29,30,496
1037,902,25,32,903
2951,502,19,35,504
165,477,21,28,465
1438,942,0,7,935
1835,541,14,21,546
143,1206,6,24,1201
924,1088,12,16,1083
496,1223,18,25,1217
4201,482,29,33,494
3841,1124,15,21,1122
4099,1308,28,32,1318
2217,1111,1,4,1117
837,1334,9,21,1321
3583,748,22,23,748
3209,598,16,23,597
1452,473,3,19,470
3996,457,12,25,463
4217,1206,23,26,1214
4177,1049,23,33,1048
573,1108,22,30,1097
3339,622,8,13,627
3821,988,0,18,988
4310,656,27,32,659
3996,457,12,25,463
2503,488,6,11,488
1425,1098,10,21,1099
2484,556,11,17,561
3663,518,0,5,523
3309,431,2,12,429
2320,709,8,16,714
136,1201,12,16,1200
2474,499,7,9,502
3338,587,19,21,598
3138,1086,19,25,1090
2701,959,0,7,952
265,499,7,10,495
156,484,7,8,480
176,1203,22,34,1201
4355,583,3,14,584
2818,539,22,26,534
437,514,29,35,511
4311,604,14,18,614
3945,1125,3,7,1138
2976,1189,6,7,1196
381,648,9,10,646
3370,819,8,12,822
1254,539,22,27,528
1916,1013,8,28,1010
4324,480,12,16,494
527,1185,19,20,1187
891,1003,23,28,991
2538,572,7,14,579
371,522,7,19,511
2160,1257,0,31,1250
2777,501,25,31,503
3065,1291,30,33,1299
3026,802,8,27,806
3839,1041,3,4,1047
3623,795,12,20,807
2538,572,7,14,579
304,443,3,5,436
1009,1216,29,33,1218
2841,587,19,20,596
3235,453,25,35,461
4061,1008,13,15,1018
748,533,8,22,527
161,504,3,13,495
3868,722,5,9,733
2864,913,12,21,908
3266,498,17,34,505
518,461,29,34,451
4334,724,6,25,734
2525,493,16,35,488
4094,1254,22,30,1258
2012,1111,18,21,1115
500,461,21,27,451
429,806,11,17,796
1175,1133,11,12,1128
1586,862,0,6,860
627,1163,3,6,1156
4312,607,27,33,614
1681,1209,24,25,1206
2846,504,3,5,504
2106,541,1,4,547
2091,462,23,31,457
2303,1069,2,3,1073
3113,682,12,14,683
3748,1144,26,33,1153
1229,765,21,25,769
2444,447,22,25,445
2575,724,31,32,730
2573,1101,31,34,1103
383,428,12,18,420
2487,1314,9,12,1312
523,1016,18,20,1006
60,540,29,31,540
2046,1177,19,26,1177
524,677,22,27,677
323,428,6,20,420
4243,509,0,2,509
3787,883,0,9,880
113,1152,27,34,1140
2229,837,21,24,833
797,897,22,26,888
2929,1300,24,28,1297
4145,1170,7,9,1183
1326,1148,7,25,1144
2473,1101,31,33,1103
4042,457,22,25,463
4024,987,26,27,989
1471,1257,35,35,1248
471,525,10,22,526
334,473,8,21,466
2552,741,26,28,743
3282,543,10,14,551
4014,430,13,21,433
255,540,19,24,541
104,945,27,35,945
2470,1154,20,21,1149
3649,498,0,23,507
2170,401,1,18,397
2364,1104,21,31,1103
3740,735,0,9,748
451,1158,16,19,1155
1058,1049,8,19,1037
3402,1064,5,8,1060
3166,1098,5,9,1106
2631,604,3,21,608
3609,1132,0,9,1135
2657,1269,7,16,1270
1094,528,26,31,528
3660,1132,0,9,1135
230,486,24,26,480
3143,1138,9,21,1133
2819,476,10,25,475
550,1031,27,28,1021
4021,879,24,31,882
351,449,14,15,437
1744,1119,0,4,1115
1689,1018,8,16,1010
1194,1093,27,32,1084
1041,589,13,20,587
2766,1164,12,23,1163
3539,713,0,9,716
3016,529,16,24,535
1379,525,18,24,529
1363,892,8,12,889
2281,820,8,24,817
408,522,14,21,511
2901,605,26,32,609
487,464,16,24,451
419,1105,9,25,1096
4055,556,14,19,569
1195,1357,21,29,1355
3953,1257,0,4,1257
75,817,19,21,810
4092,1290,29,35,1304
4116,628,27,32,629
1263,1288,18,35,1276
4072,524,25,28,524
1326,1148,7,25,1144
2398,976,20,26,983
2849,1046,6,10,1043
935,628,9,16,617
909,542,1,9,543
3603,1074,0,6,1077
2680,1152,12,16,1149
1234,1150,19,30,1143
429,806,11,17,796
4198,466,24,32,478
2242,777,31,35,774
2953,477,29,33,475
4299,1295,22,26,1304
3161,1232,27,34,1239
1232,1116,29,31,1113
3557,1060,3,23,1061
856,711,20,27,706
4334,724,6,25,734
2748,999,25,32,999
4045,558,19,30,568
1618,1146,31,34,1146
997,475,9,19,468
2617,1251,7,9,1253
3569,1047,0,6,1044
1663,719,3,26,711
1440,979,0,4,979
4133,873,19,26,883
1714,892,0,19,891
2977,527,23,27,534
4083,443,3,6,448
3202,572,3,9,582
2742,1183,18,22,1179
870,540,8,22,542
631,590,21,27,585
621,942,14,18,932
2547,501,25,28,502
1893,1027,19,25,1026
3274,1200,11,18,1212
3548,603,3,6,611
2376,1110,27,29,1117
2610,594,27,32,595
2427,1118,23,26,1118
690,913,5,13,902
2355,995,20,26,998
2756,798,23,32,804
2961,910,29,33,909
139,888,3,9,885
16,1144,25,26,1140
1403,1001,2,3,994
280,522,12,16,510
4119,623,9,12,629
1306,539,22,23,529
1368,1042,4,8,1038
2865,913,12,21,908
1863,540,8,22,546
2995,540,19,32,550
2382,1135,24,25,1132
1271,436,15,27,440
745,1158,16,19,1157
2048,744,31,34,742
208,839,14,18,825
317,902,25,26,900
916,524,3,27,514
2684,1182,25,26,1179
3733,509,0,6,508
